userID,username,email,password,createdAt
1,charles,heese.c@northeastern.edu,asdpmoasdpomasdpom,02/12/2005
2,charles,heese.c@northeastern.edu,asdpmoasdpomasdpom,2/13/2005
3,charles,heese.c@northeastern.edu,asdpmoasdpomasdpom,2/14/2005
4,charles,heese.c@northeastern.edu,asdpmoasdpomasdpom,2/15/2005
5,charles,heese.c@northeastern.edu,asdpmoasdpomasdpom,2/16/2005
6,charles,heese.c@northeastern.edu,asdpmoasdpomasdpom,2/17/2005
7,charles,heese.c@northeastern.edu,asdpmoasdpomasdpom,2/18/2005
8,charles,heese.c@northeastern.edu,asdpmoasdpomasdpom,2/19/2005
9,charles,heese.c@northeastern.edu,asdpmoasdpomasdpom,2/20/2005
10,charles,heese.c@northeastern.edu,asdpmoasdpomasdpom,2/21/2005
11,charles,heese.c@northeastern.edu,asdpmoasdpomasdpom,2/22/2005
12,charles,heese.c@northeastern.edu,asdpmoasdpomasdpom,2/23/2005
13,Jamison,jmapletoftc@xing.com,dX7?nI0<|x,2/18/2024
14,Demeter,dlissemored@marriott.com,mV8~<JRS,1/19/2024
15,Vinni,vhoonahane@yolasite.com,"oY9(o|_&Mig6,A",12/29/2023
16,Archambault,anavarijof@sciencedaily.com,qG7%4CdG1N}%IG9,1/12/2024
17,Ashla,agriffithsg@un.org,aY0(Rxj7f,1/25/2024
18,Kariotta,kveldh@canalblog.com,"kQ2""vy\sRCV}<L\A",11/17/2023
19,Johna,jcradyi@toplist.cz,"cA5""n21""8ZYI'",3/17/2024
20,Benni,bhandkej@comsenz.com,yD3>74C'q=*K,12/25/2023
21,Caressa,cviank@dagondesign.com,bK1'bhNj`e,9/3/2024
22,Guido,gshorel@umn.edu,uJ5_Bo5r+l9WX,8/12/2024
23,Kat,kdabinettm@yolasite.com,aR4}fyxi_M1O?B@),4/1/2024
24,Golda,gmckewn@goo.ne.jp,xL9=m$H3jqyEF,3/3/2024
25,Osbourne,omalkino@weebly.com,"aP2,LckNjD",3/9/2024
26,Freeman,fspincksp@geocities.jp,"oV8#@b""IkA%",12/27/2023
27,Grissel,gyanshinq@xinhuanet.com,vT9}E)MD\l2,6/20/2024
28,Gay,gbonusr@linkedin.com,lH2>b<s.1Dsz!Xdp,4/19/2024
29,Augusta,arudyards@aboutads.info,nH0_T`ibZoNxrR%4,6/5/2024
30,Torrance,ttunneyt@cbsnews.com,pR1$g`q%g*>TCjh,8/29/2024
31,Idalia,ityreu@networkadvertising.org,uP7$KTUXo)F,12/10/2023
32,Angel,alowdenv@nih.gov,qB1|m`gn,12/29/2023
33,Adelheid,amcgillivriew@icq.com,pI3_5FBtui%,6/6/2024
34,Pegeen,pkubeckax@statcounter.com,"eZ8>!$""GV+|P~",6/21/2024
35,Bruis,bmarushaky@istockphoto.com,uC9|_u``N&51R'u3,10/5/2024
36,Lacee,lkilpinz@technorati.com,"aD1""yb3BD3KzG)Kn",6/1/2024
37,Pyotr,pseilmann10@discuz.net,"uU3""JS$.!5%Z",4/20/2024
38,Derek,dtoretta11@gov.uk,"dL8_ii7aq8w,f",3/26/2024
39,Tierney,tmandres12@rediff.com,"tB2,YDm|""bpwjs",10/23/2024
40,Morna,mlivingston13@shop-pro.jp,uX7!zsdczb/O,2/19/2024
41,Justine,jcastree14@earthlink.net,"qO5~PfJ,?S|}?ra",4/29/2024
42,Morgan,mlegalle15@mac.com,bP1'SaNUDw,12/4/2023
43,Andriette,adusey16@microsoft.com,sW7`Mmp5Xo*uB75,11/18/2023
44,Mira,mbrach17@cdbaby.com,"rF0#S"">LTG|9P}",10/6/2024
45,Wynne,wvowels18@wp.com,jF9_(O#BwMJN1eM,12/15/2023
46,Sigvard,sfrancais19@nydailynews.com,bD9|l==sb,9/3/2024
47,Kaiser,kkloser1a@people.com.cn,rB0\b?3<r?),11/5/2023
48,Nessa,nmarklund1b@rakuten.co.jp,qB8{_7C)pXl.,12/10/2023
49,Ragnar,rleivers1c@nba.com,"aR3""qfmn.g",5/6/2024
50,Rice,rkilgour1d@naver.com,yG3'|gO/,2/28/2024
51,Janeczka,jbeautyman1e@sourceforge.net,"qF0#lY.K,{m~)PM",12/27/2023
52,Briant,bscottini1f@phpbb.com,iT4`{M~(./r%',9/19/2024
53,Dayle,dhrihorovich1g@europa.eu,"pO9""shY?u",2/13/2024
54,Gui,gskeeles1h@blogger.com,lP9~/~`7b0<9z,5/17/2024
55,Parsifal,prosenstock1i@toplist.cz,kV0`X0YIv*,3/23/2024
56,Smitty,slumley1j@ibm.com,mS1(I?7V#,11/24/2023
57,Antons,acapeloff1k@ihg.com,sI5_`Cs>,5/2/2024
58,Alejandro,aweatherill1l@php.net,dK2\/!\bjY,6/30/2024
59,Portie,phiorn1m@java.com,qN4{Yc.6lfZn@,10/23/2024
60,Scot,sbothwell1n@msu.edu,qE3<Y_qD}R}<7Nd_,1/31/2024
61,Eve,edeancywillis1o@ft.com,jG5=**co,8/14/2024
62,Randell,rgraine1p@admin.ch,uZ4}Rq\e_nD*uN,9/22/2024
63,Morrie,mhallitt1q@home.pl,vI5/bcJB!H>fJ,12/4/2023
64,Valencia,vforryan1r@harvard.edu,hF6*Y!%Vc*s8TEY,4/15/2024
65,Myrta,mthistleton1s@nps.gov,xH5+Q(ky,1/11/2024
66,Haily,hlehon1t@chron.com,"bD5$3,>Xr5",5/4/2024
67,Stephine,snicolson1u@yellowbook.com,kH2%6BKUL>ZOD,10/6/2024
68,Sylvester,sbartul1v@t.co,nV7/'3xv$?q5'L(,8/12/2024
69,Allison,ajolley1w@nhs.uk,rB7=0pkmk,10/17/2024
70,Demetrius,dsatterthwaite1x@pbs.org,nR7{v=I`Z+F\,10/9/2024
71,Nessi,npinkie1y@ovh.net,"qD1$,_m=lyT+o_*",2/14/2024
72,Malinde,mcalrow1z@wiley.com,"mA8,c1OMrcL?sc",11/12/2023
73,Ardath,ajanczak20@ow.ly,yG0__~R+IP)Kpv5,5/5/2024
74,Northrop,nmeadmore21@creativecommons.org,mT3$e+l.@BY,3/12/2024
75,Marshal,mjahn22@booking.com,mW1/u0=ZM5p6y,4/16/2024
76,Hi,hpebworth23@uol.com.br,"jJ5>37Xr4,m>j",10/5/2024
77,Stephen,sbrecher24@craigslist.org,iT5*sU(2,1/3/2024
78,Hermie,hgiamitti25@123-reg.co.uk,dV4{=)Z|,9/23/2024
79,Ferd,fdugan26@wix.com,dN4?6ewtU?6=(X,10/10/2024
80,Vittorio,vheinicke27@ovh.net,rS9&#mlX`,2/2/2024
81,Josey,jdadda28@mapquest.com,"kM4)""<Zt>?)#WxTN",5/26/2024
82,Myrtia,mloveland29@alibaba.com,tJ7\)`jVuYb+dH,9/17/2024
83,Regina,rdundridge2a@feedburner.com,wV0<!_CpP5,3/19/2024
84,Magdalene,mmatejovsky2b@yale.edu,vP8!T7kI3,1/11/2024
85,Bay,bodegaard2c@reverbnation.com,xR8&>)?WvX|,3/30/2024
86,Filide,froma2d@rediff.com,fY8{MF7?yF4Q,3/14/2024
87,Wenda,wrobelet2e@epa.gov,hF7!e\zG7H,2/10/2024
88,Spence,scircuitt2f@taobao.com,tL0#@(4Dhybi?,5/26/2024
89,Jorrie,jciccarelli2g@noaa.gov,oV3#?4{+``?m,10/18/2024
90,Immanuel,ikuhne2h@twitpic.com,cS6*%N.<Y,1/19/2024
