Id,User_name,email,password,Year_of_graduation
1,seydel0,wbrodie0@wix.com,yS9(e3qL(yWc,2003
2,jklainman1,gtalbot1@mysql.com,dK8{WPevo.}~=u,2010
3,paupol2,hgregg2@symantec.com,"pM4""@@|7N0jT.Q?b",2012
4,cdennitts3,wvilla3@mozilla.com,wP9&#QH9hk3,2002
5,jarendsen4,cshildrake4@drupal.org,bT6#sj3*,2018
6,brobinett5,vvasyunichev5@macromedia.com,rL7@hO4uRC#Sy,2016
7,vsimukov6,gbaynard6@tiny.cc,"iR2}l""6+""5+'",2012
8,hthamelt7,fespinel7@weebly.com,gV5@yVvVwCi(,2020
9,gmapes8,bschirok8@woothemes.com,aA2>\R|<FXa,2015
10,tvarley9,ebravery9@ezinearticles.com,xH3<1}v8``,2015
11,rsquibbesa,aferona@merriam-webster.com,dV6{#nQux'<G,2008
12,rthundermanb,fcansdellb@last.fm,aP5|v#M*O0,2010
13,sellesc,prealffc@deliciousdays.com,rM5?gd8~b,2013
14,sallwoodd,jalexanderd@meetup.com,"oO8>x,DS_P",2012
15,brennisone,bthorneyworke@yolasite.com,nF7#i$QX,2017
16,jcreesf,crosensteinf@cisco.com,gG5.7VOJ|pni,2020
17,ddanilishing,abreching@washington.edu,sZ7%s$h%*2j+0,2010
18,wlegrandh,dquyeh@aol.com,pJ0}+%9*,2008
19,divanetsi,cdudingi@squarespace.com,yD5#k@/f6/d{,2014
20,nhurranj,ldublinj@yolasite.com,sE0|WL~O0}~c`=7a,2012
21,ymackettk,kattockk@theglobeandmail.com,rZ4+odTnQG,2018
22,gridlerl,bdebrokel@google.com.hk,mY2%JTzn,2009
23,fskitterelm,egodferym@zimbio.com,eV3@VWJg,2018
24,chuberyn,schampionnetn@51.la,kS9==f8v_g&,2018
25,ldemendozao,rsangoo@yandex.ru,oM5)Fk4tOj,2016
26,lrileyp,cdimbylowp@ibm.com,zV5~`7gMS,2019
27,tsteelsq,levillq@cam.ac.uk,sW8<_%na,2006
28,bbownr,gsaveryr@geocities.com,"dI5,Nrp_*30a$L*",2012
29,jhinkleys,lmartinats@engadget.com,"rP1,/1H/m4VNFBFX",2009
30,hheselwoodt,mchardt@twitter.com,aB3&tKk+,0
31,goswellu,ckarmelu@myspace.com,nH1?rrG<vcJ,2014
32,htabourierv,bdrayv@cbsnews.com,tL2!GS%<JlZC,2010
33,jcayetw,myeellw@free.fr,lP1)GVmBW!HUce,2019
34,dgiacomuzzox,clittleyx@gizmodo.com,xL8$JvAdR}rnJTVo,2009
35,sbernhardty,gmattinglyy@webmd.com,fP2_C2nnJ(h$,2013
36,dcheelz,eyakovz@npr.org,mI1}`M$MYYe%,2008
37,dbigglestone10,dfelgate10@reference.com,cZ9}FAdSSw,2013
38,erosina11,sjenoure11@spiegel.de,yL4`f}CH2dI,2011
39,amclernon12,rtambling12@telegraph.co.uk,fS7/}GCz{Iu,2006
40,mchivers13,rkillelay13@microsoft.com,gT8+r#j>,2016
41,apiotr14,tgreggor14@ow.ly,qD5~4i*iZ)!n,2009
42,jtombleson15,mdran15@who.int,uU2_YmnUm,2005
43,chuge16,rbeadnall16@is.gd,lI4`aFQ2Hz)f&,2013
44,bcurteis17,mcauldfield17@vk.com,"eB3)z/~f,yLx*Wg+",2015
45,jsavege18,bdanielovitch18@jalbum.net,vC6'V}B+t'XAX,2017
46,ostaniford19,gkwietak19@clickbank.net,cS5|Vexpw(,2013
47,sovett1a,kattack1a@163.com,dO2*iMV\W{pt.yO,2012
48,atruckell1b,hhutt1b@imageshack.us,vP9&N|C$1,2010
49,wyerrell1c,jdrayn1c@loc.gov,jO6(xTV$h,2004
50,kcastri1d,dtunnacliffe1d@hp.com,zK2!lR5(,2014
51,gnanetti1e,ahuxham1e@ox.ac.uk,iR2#jcxAFfuf,2020
52,rwalesby1f,lhammill1f@tamu.edu,zH5%`A@Y?UnF?Rg,0
53,knorres1g,dsheber1g@independent.co.uk,qT1%oPy<)=,2008
54,aliddiard1h,mmcquin1h@chicagotribune.com,yO7$}vXH_B#i,2006
55,epietzke1i,mlaval1i@rambler.ru,mR1`_b)RUd,2013
56,ymaharg1j,gellard1j@bizjournals.com,"jQ9{c%,1PD2",2008
57,smcphelimy1k,jnutbean1k@nsw.gov.au,tM7=enkMS<1',2007
58,tlowmass1l,lmarton1l@usgs.gov,iN1./*yVpyf,2020
59,sbennedick1m,ulightowlers1m@biglobe.ne.jp,hU4}{JN8G,2011
60,mhazle1n,flangshaw1n@chicagotribune.com,tP1@UR2Y,2015
61,cakister1o,gtottie1o@adobe.com,"fY6?\YD),`8RA|H",2011
62,cbartosek1p,lstrut1p@ebay.co.uk,hB7'cE+%,2006
63,jhugo1q,sculham1q@bbb.org,"hL0""OsS='zn,%",2007
64,lfakeley1r,rstackbridge1r@addtoany.com,"hK5@v{r""Ca",2015
65,speyton1s,ocrollman1s@taobao.com,hD2\B#Wbg0*apZY,2004
66,mminnock1t,ajerman1t@i2i.jp,hC7~IPcB)e~,2004
67,rtatters1u,mbullivant1u@ycombinator.com,"pV5,0*KKybcO|<|",2014
68,phevey1v,sweavers1v@yahoo.com,nP6@ZoRKRa}dH,2012
69,scage1w,jmontez1w@ovh.net,cX7.L'tZ1&,2008
70,lanstead1x,nkrzyzanowski1x@buzzfeed.com,gB4%~15b)ponaLxY,2020
71,civannikov1y,mbellew1y@un.org,vG8&F)BT)*|yy,2010
72,asyddie1z,acarff1z@prnewswire.com,aV8\QXmcfR|R,2011
73,bhiggonet20,ecumpton20@hibu.com,fY0#SC!2(<,2017
74,wcream21,agoodinson21@hao123.com,sQ4+RCX<R,2003
75,mbarnshaw22,hausher22@redcross.org,xU3*g@Yt/AYGOV,2006
76,llorenzo23,sfison23@nyu.edu,nI4.>$}|'EEZp$$,2004
77,gsundin24,pfrapwell24@quantcast.com,hH9_m}91r,2018
78,bkewley25,wwetherby25@baidu.com,aF2_qcLd.FAGB2G,2015
79,fheffer26,mkattenhorn26@auda.org.au,iB3}>+qGBp!},1997
80,grasch27,mwhybrow27@paginegialle.it,uL7#Ql?d{2,2016
81,lfashion28,nmitchelson28@bluehost.com,hY5{dNT7,2011
82,dgayter29,bcasement29@dion.ne.jp,oT0|w0T*%3|DzC+,2008
83,afetherstonhaugh2a,moultram2a@reverbnation.com,"yE4`,ShYtBU",2013
84,cmeeny2b,spepye2b@ask.com,rU6=_.f9I1{k,2020
85,agillet2c,lmaccombe2c@ed.gov,pM4|y2FpY|Hwo,2020
86,tmarlow2d,fgercke2d@sourceforge.net,dJ0=Y`a=(QT,2011
87,lbocock2e,ashmyr2e@google.com.hk,cS5/P+Wo|#xwyQ,2007
88,oeberst2f,ewoolacott2f@ifeng.com,"sT1,ea'!qVx<e",2014
89,bconnell2g,dfaithorn2g@free.fr,tO3(n*~(wR<ZX/z?,2008
90,ldimic2h,tnichol2h@cafepress.com,"rA0,4/3_/a9#.Iz",2010
91,sbrunker2i,gwindram2i@weebly.com,oY8%.J=b}c,2007
92,tpalay2j,abanks2j@ovh.net,eD9}89l+`r,0
93,tkensitt2k,awhithalgh2k@cdbaby.com,nT3%1(fC,2010
94,hpallent2l,jjordeson2l@about.me,"cE6""tz1H",2009
95,ltomas2m,bhenriques2m@businesswire.com,gZ6})\n_!,2018
96,cullett2n,akytley2n@senate.gov,wQ9.+l_C%sOo&bx,2014
97,yguillain2o,jpheazey2o@cornell.edu,sJ7<KR+U09_{o,2020
98,pbuckney2p,mzywicki2p@cnet.com,vF8!UY2kO,2013
99,voffener2q,wprestie2q@xinhuanet.com,yJ7}$I9+t4Wa,2007
100,emynott2r,efollos2r@discuz.net,"mR0}\V""))@~rGk",2005
101,redward2s,cscholler2s@livejournal.com,vZ1?_vYkW$,2014
102,cmchirrie2t,dsimmill2t@wsj.com,"wE1""/g|p",2011
103,vseller2u,mscammell2u@facebook.com,"fK0#Cuy""_BS`I3{A",2009
104,wcowope2v,ahaps2v@columbia.edu,iX9+5&Qd,2011
105,cdomenichini2w,fbayley2w@booking.com,xL4*y#U#y,2008
106,mhammond2x,djoris2x@reuters.com,iR6{!\?V<+4%,2007
107,mzorzin2y,cglasscott2y@livejournal.com,iA5!U`cU%pW6,2011
108,mbolf2z,bburthom2z@i2i.jp,dV5!&6`K\n2(Gir2,2017
109,abuttle30,pcoulthurst30@cbc.ca,kI0%0+}{.@Z,2019
110,gerskin31,rphillp31@economist.com,nB8<z'ewx=c2_d,2006
111,lcarlo32,scymper32@theguardian.com,yA1&\%eu(,2011
112,bkaser33,jdjurdjevic33@skyrock.com,rS5/fvzpM,2008
113,scamp34,tchessil34@virginia.edu,yG2{4VEY+0T5,2015
114,igodby35,risworth35@techcrunch.com,hQ0/8}1YuS#,2011
115,fgarbott36,emccarney36@people.com.cn,"jT5)E""UviMKI~<L",2012
116,bcranson37,awoltman37@bravesites.com,dG3}|luSkv,2013
117,wdannehl38,cjeandel38@netscape.com,oW7<y?0$mi.,2012
118,sfysh39,spavy39@ucoz.com,lM4{!5xlFqCwH+$m,2018
119,ppechold3a,arockey3a@fastcompany.com,lM5&EZhl,2020
120,hseacombe3b,wdysart3b@reddit.com,mH4<XLO9s>,2004
121,vcady3c,zdredge3c@nytimes.com,yG0|{2$#!=cE,2013
122,dsanja3d,lwalhedd3d@naver.com,pS3?9NaZ,2007
123,khandaside3e,jgurley3e@baidu.com,sW6~zDKTn,2014
124,lpoynser3f,zkubis3f@mlb.com,kP5|6uB6J@YE,2018
125,msilcox3g,fledster3g@rambler.ru,"bQ0|r""n|x`2H}Gaj",2013
126,jwoollends3h,umuslim3h@wisc.edu,rG7</QPGA.GJX,2005
127,pipsgrave3i,gfoad3i@smugmug.com,xT6\EY)}M,2009
128,afeben3j,bellard3j@eepurl.com,mE7./~}L?,2012
129,rlackinton3k,sfewings3k@paginegialle.it,cV8(id1{k6hk,2010
130,bstothert3l,chawk3l@gravatar.com,"tY5$M,WS",2002
131,amaher3m,rburtenshaw3m@apache.org,"lP4*yw,_/)S~",2015
132,rsherewood3n,dconnell3n@umn.edu,eO5<<uTub.N+,2007
133,egilpillan3o,kortsmann3o@cnn.com,mN4&TG{1(1mG3,2014
134,grawet3p,ncorstorphine3p@businessweek.com,"oK0""d\X_X,cVl%",2020
135,fdesbrow3q,ccullin3q@meetup.com,"qT9%8T8uiZ#""",2010
136,cdelmonte3r,npaddick3r@smh.com.au,jW0?V8iAr&/JCvX,2013
137,cdoberer3s,rpughe3s@wp.com,wH1_O8el21AiaCA7,2013
138,tmanicom3t,cdaubeny3t@istockphoto.com,nL0*?1aZDOX4`\dV,2013
139,pfrissell3u,iteece3u@naver.com,uU9*H%JdYAcY,2011
140,fmuriel3v,ldebenedictis3v@is.gd,"zZ0.Y,mZf3",2016
141,fgarrique3w,fbennedsen3w@vimeo.com,kL7*|O|e},2006
142,clindelof3x,nkinnear3x@wikispaces.com,sG3('nV0$=&$qG,2011
143,gchewter3y,nastupenas3y@discovery.com,pH1+M.`M/365cz,2016
144,mchastenet3z,ilagneaux3z@geocities.com,jD3/ltj|/)<qoT%,2006
145,jblackbrough40,pabberley40@mozilla.org,mF7)rmRgdg~mPh,2015
146,lwyllie41,wtorra41@etsy.com,xB8\0|wccnT9SNI,2020
147,ftrickett42,dpickrill42@thetimes.co.uk,"yT3,~,.tSn",2014
148,vfranchioni43,wpopplestone43@oaic.gov.au,zI6.xFC=gIRij*cq,2000
149,arosander44,earends44@examiner.com,yK3$Q!7l=,2011
150,aadkins45,spledger45@google.ca,gD3=Qx@z<!U,2012
151,wberge46,nfreezor46@mapquest.com,hR3@8X6'>'%<,2009
152,gdickings47,hpenni47@chronoengine.com,uJ8}u%gUp.<,2011
153,wupham48,ewawer48@harvard.edu,wN0~OUz'#Z{mns&=,2012
154,lfould49,wheape49@xing.com,jM4(`k9b_bvW,2008
155,grummins4a,mpinnock4a@t-online.de,cR1>uVA1j0$2},2017
156,caberdalgy4b,bmimmack4b@ca.gov,kM5=7t3v'Y{*g,2004
157,detchingham4c,kboulde4c@arizona.edu,xK6{GPIC(,2015
158,sosiaghail4d,rfouldes4d@wiley.com,rV2$O!*&hE,2019
159,mphilpots4e,rwace4e@slideshare.net,nD9$e$9OsPbT,2005
160,tdall4f,kopy4f@cocolog-nifty.com,uN5<{{HA/=_Ph%fq,2019
161,acristofolini4g,ejaumet4g@constantcontact.com,"sN7""|J8bXYo""",2019
162,hstute4h,pkinnerk4h@trellian.com,yH0?Iu+}1\,2011
163,kmansbridge4i,ryoseloff4i@ibm.com,bM3|p\Ud8Eh~f,2021
164,edrennan4j,kpettman4j@theatlantic.com,sG8`jI6mn'+,2008
165,rivic4k,cyanele4k@ucla.edu,kX1}g0ik?,2011
166,kdelucia4l,fnormanville4l@microsoft.com,"tO0(MZxOs{N,!'_V",0
167,bpree4m,ahurton4m@about.com,pI7}#PXsmIc>@xUK,2020
168,lgostyke4n,jkroger4n@shareasale.com,kK3>M0x3N}v%l@i,2014
169,mbourne4o,igreed4o@mayoclinic.com,bD2/!!~.<_Il0,2016
170,bhorick4p,sdalliston4p@scientificamerican.com,zC3.oxbx<%TrJ,2013
171,ebraithwait4q,emelhuish4q@who.int,qP7\P{#>ZucsX*h,2015
172,aschaumann4r,tbowdery4r@com.com,lZ8=OT?DoVm|N,2021
173,cfitzmaurice4s,mmontgomery4s@t.co,"aS8{~""y5'uJ",2016
174,nragborne4t,fnunesnabarro4t@behance.net,vG2)xD$3jx<RijD,2018
175,wbaumford4u,kimlen4u@wikispaces.com,oH2!Sj8Y,2018
176,dsholem4v,stayspell4v@craigslist.org,nA1<*x5UK8u,2011
177,wkinsella4w,sliggett4w@statcounter.com,kI9>ey?P,2019
178,haldin4x,gcaurah4x@tmall.com,"rG7$o""4#",2011
179,khargrave4y,npimblott4y@imageshack.us,wO4+752pVAbMbrZ{,0
180,hchisolm4z,wafonso4z@shareasale.com,uK7=*Cm\J/fQd<86,2012
181,shales50,tsaddleton50@bravesites.com,aF1*5\Cl9\{55/l,2015
182,iellice51,rhynson51@about.me,oN4|7FrMZZWb,2005
183,agammack52,mvanderlinde52@comsenz.com,oK1@~5OR>c~A,2016
184,awingar53,lsporle53@bloglovin.com,qE8~&l<=YK7E`$p',2016
185,jrobertsen54,klinster54@zdnet.com,yY2.O(\_,2016
186,jdwelly55,ethursfield55@fema.gov,"qC5{>=,JfjvX+z",2006
187,shutchcraft56,igibbin56@shop-pro.jp,uK8+||$.sssD~41,2016
188,greubel57,tvynarde57@angelfire.com,aE8_ZkL2ylw*OP6,2008
189,vmanicom58,dtwelvetree58@sohu.com,tD8)gOT|UUj+,2017
190,lfossey59,utrudgian59@yolasite.com,"kU9""G(slS/",2011
191,hhouson5a,rproven5a@google.com.au,vZ1@p8dK<J$,2017
192,alogg5b,ftargett5b@hugedomains.com,zV1.Ib8E$>q8awJ',2018
193,rstandeven5c,gtrouncer5c@seattletimes.com,cY4>C\u(o7|L.,2010
194,hmcbain5d,scodlin5d@typepad.com,qV9!g3h0,2016
195,tmerrikin5e,evangiffen5e@indiatimes.com,"xE7<}cv,#Y",2016
196,crichmont5f,bstuffins5f@bluehost.com,mM1.*(~ZHe?Oo.P,2013
197,lrogge5g,ubiss5g@photobucket.com,fS5|cotji_b,2009
198,wruskin5h,rleteurtre5h@ovh.net,rS7*lTJVq@,2010
199,apalmer5i,cchristofol5i@freewebs.com,gG5!L9g0hPWgz7Cs,2015
200,lblay5j,mclint5j@nhs.uk,xU3!k2(Xn.Byn@x%,2008
201,mdaymont5k,avurley5k@instagram.com,wP0<4X_@/ND(,2008
202,lworters5l,kmensler5l@fc2.com,fF6=a$?U3,2006
203,dseywood5m,mgiblin5m@delicious.com,mT4~WEY/SZzm,2017
204,apicott5n,tmenure5n@discovery.com,lC8(pQy=/0UD,2006
205,paitken5o,jlepine5o@php.net,eZ7+aQ\W+,2009
206,ccolwell5p,mmasic5p@yahoo.com,kC6#$dz51IO2Iy,2010
207,dfaustian5q,djolin5q@parallels.com,yQ1)mCHFn9,2020
208,bruperto5r,rhacon5r@blogs.com,mE8<*n~\/Shzp{J,2019
209,kperceval5s,jscottrell5s@guardian.co.uk,cV3=VSqEV4>,2020
210,tknewstubb5t,fdefew5t@cnet.com,qD1.|mR`yD{KzyG,2020
211,bnovacek5u,bsent5u@nytimes.com,uC9$o$T',2011
212,nhubatsch5v,qdavidy5v@over-blog.com,"nN7+Nw(hOGoT\%W,",2011
213,taire5w,gmcgucken5w@ox.ac.uk,iX2{%5lQ,2007
214,jfrigout5x,ecooper5x@imageshack.us,"aG5)vN9,y?{",2014
215,kwildin5y,ijahndel5y@slideshare.net,eZ8!Y!7krQBlu&,2005
216,gmcgilleghole5z,sloughhead5z@livejournal.com,vY5+hIqIz9c,2003
217,mphillipson60,acankett60@netlog.com,"tP9"">,vS4}*\F+",2019
218,mbenard61,nbarraclough61@squarespace.com,"dU3""y?KVHEKQw(",2014
219,aphettiplace62,ihorbath62@printfriendly.com,oL5'sG3l#K|,2007
220,sveazey63,fhinstridge63@cnn.com,gI0|H6K{H,0
221,hspiller64,cstorm64@discuz.net,vY0}vWRrFmf+DC,2005
222,awathall65,hmatysiak65@twitter.com,kR0_V@qY7{,2013
223,iaskham66,aband66@flickr.com,"nI2>mlm""=ftL",2008
224,kironmonger67,jdukes67@ning.com,yK2+3kCu(v,2013
225,crubinfeld68,hlefevre68@360.cn,"sG0{`ufK,r4oa~.",2012
226,edukesbury69,kfaires69@mit.edu,eP4|JDANsnZG*<g,1995
227,akennelly6a,rlorant6a@jugem.jp,gF9*=10c,2013
228,lcreagh6b,prigeby6b@si.edu,gX6/@H=e,1997
229,bbuckby6c,tlambkin6c@loc.gov,"aV5{N<akl.""c.dB",2009
230,iwapple6d,gsamms6d@virginia.edu,zY7{1?>RfY@),2015
231,sfranca6e,pkinmond6e@studiopress.com,zZ9+o7!oy)F_mQ,2012
232,ntrayes6f,hmeneghelli6f@harvard.edu,vC2<cl*|@=0o,2005
233,nlanston6g,ygresham6g@usa.gov,"rD8@+""GL(",2012
234,nviccars6h,esprackling6h@jigsy.com,iB9$aT|3n&10,2008
235,hgritton6i,sbiggerstaff6i@mapquest.com,wL0?/@Bg,2011
236,twash6j,vsawtell6j@blog.com,xZ6@8$cF,2010
237,rwishart6k,lstubbes6k@indiegogo.com,hU5!VR.fLs/h,2012
238,brevett6l,vdunphie6l@tinyurl.com,kR6|l3%Y@uaE,2007
239,tmcrobbie6m,dantonsson6m@mozilla.org,tL0*om6~Ho<6q,2016
240,mmongin6n,twybern6n@miitbeian.gov.cn,kP6}EW|'MA5,2014
241,ppottle6o,skaines6o@bizjournals.com,"xU2},F0Q6|",2014
242,jroelofs6p,aduding6p@bloglines.com,vF9.XnyJi?,2017
243,crubanenko6q,ssillis6q@prnewswire.com,"bT9,whQN6VR",2004
244,tbartosch6r,rglasebrook6r@jigsy.com,"uU8%NaP,s_F",2003
245,akuhnert6s,mwychard6s@xrea.com,rG0%F~dWNLJR0K,2012
246,rtowsie6t,pasche6t@etsy.com,gO3+/x$aM`H4l%HZ,2019
247,tmulqueen6u,bswettenham6u@vk.com,rM9\B~v#&a>F,2013
248,ldachey6v,cedens6v@about.com,lW8%Y%<%=`JG,2017
249,tmenendes6w,jgeorgescu6w@google.co.uk,zK8==`A`dtM*>$o,2018
250,cpedrocchi6x,pskule6x@archive.org,fI5>`BNbN,2001
251,hdonnel6y,ethorntondewhirst6y@weibo.com,lP4`@Myj0,2016
252,kdsouza6z,acrosby6z@slashdot.org,"yU5\Qg,{k",2011
253,rmallall70,ncory70@fotki.com,nN7=ay5Zk*6TI,2010
254,lburril71,arenzullo71@cloudflare.com,gF1!HJls8yQ.,2013
255,dwinterbotham72,csuscens72@nyu.edu,hE7/BNp6Z~i,2013
256,pcluet73,ddwane73@miibeian.gov.cn,"qK2`6U>""7b}5C",2018
257,kshortall74,nskerman74@icio.us,eV7}QpD_X<>,2015
258,gnewvill75,lpapis75@furl.net,"tJ7,PB+w""y",2013
259,bghelardoni76,cerbain76@booking.com,jC3(s2OQU3,2002
260,ccolebourn77,fbenedict77@cyberchimps.com,"vS3#gAzAP?Kn4c,H",2012
261,kthreader78,gheavyside78@jiathis.com,gN8}YvImd}j,2016
262,ldurdy79,skoschek79@51.la,hS1\I0VsJkc,2004
263,ushelmerdine7a,sdavenall7a@shutterfly.com,uL3+Y'bK,2011
264,rtremmil7b,bwace7b@cafepress.com,cW4}Iq'MfpLB,2014
265,kelmer7c,ccalderonello7c@list-manage.com,sI6\FX*B4~,2017
266,gbrumpton7d,pgowry7d@flavors.me,xJ4*a|zR'V,2019
267,aboydle7e,cbutchard7e@csmonitor.com,nK1@f}{?f(,2011
268,kcloy7f,bmurrish7f@umich.edu,"cC5""}RX=LEaR",2015
269,mbomfield7g,jtrengove7g@ustream.tv,mY2=QX_N,2016
270,dgough7h,eaurelius7h@newyorker.com,"uE1=iVkwb9,S*fX5",2016
271,efilipczak7i,bwolfendell7i@technorati.com,"rX1""Z*cG",2009
272,dmccrorie7j,duvedale7j@goo.gl,"lO8/.s,#1saP",2018
273,rromanelli7k,rbolles7k@jigsy.com,"aJ9""FOWF4Bl5eveK",2005
274,tbere7l,wjessop7l@army.mil,xB9$<&iDMgyzD}Nu,2014
275,randric7m,jthrush7m@cisco.com,eB7}iVTJ,2000
276,abellhouse7n,cjessep7n@unblog.fr,kL8/L}{2Gfn.r0,2019
277,rneillans7o,rraspin7o@theatlantic.com,wC0@'eAzdr,2015
278,ltrelease7p,jblanchard7p@theglobeandmail.com,qB5!zzFer,2013
279,sclavey7q,kcahani7q@slideshare.net,"lB6@{\p+""2mO(",2012
280,spoints7r,rvint7r@phoca.cz,"nS1<"")%n",2010
281,kdebenham7s,mambrose7s@apache.org,sA0#i48k@N#,2012
282,gatyeo7t,dcristofori7t@purevolume.com,yI2*0lmmeC,2011
283,trichings7u,pgarett7u@bravesites.com,"dG6/o<e,sF~&,",2019
284,mmurdie7v,hbellocht7v@economist.com,oS9_@+*H,2017
285,scarah7w,cshepherdson7w@unesco.org,"tY4/#i0`.D5""&",2009
286,aemmerson7x,cpattrick7x@ustream.tv,dO5)6cKxvf,2020
287,fwitherington7y,jmelledy7y@wufoo.com,"wK3$,OQCp",2012
288,bcawse7z,alysons7z@amazon.co.jp,dW2.R?K}=aZZ)ZO,2010
289,ebedo80,darrighini80@forbes.com,lM1((dXs7,2017
290,shickinbottom81,mkleen81@wikipedia.org,"dR4.MhjM,c+/+z",2020
291,lchallender82,ngentsch82@irs.gov,"oT5{dQJ((W8glLH""",2015
292,mmcknockiter83,rmillberg83@canalblog.com,vT7\@{0>HabS,2005
293,bcrosier84,twastall84@timesonline.co.uk,tN7$cHcf8j`yI~,2020
294,siddison85,adearn85@marketwatch.com,lM9#3*)Ibii7ehi(,2007
295,cstorck86,ogribbins86@tmall.com,vZ6&V8`L$AR,2006
296,dwinwright87,ibinnes87@loc.gov,nB0(/#`'5Jc\0t+!,2019
297,pfanton88,ewherrit88@ovh.net,"kV9/$zrR!!""U",2010
298,jframpton89,lvitall89@dot.gov,bY6>M{B$s6NW2,2012
299,ctolworth8a,cdy8a@amazon.co.uk,iD6{'oVB,2013
300,hyukhtin8b,cfridaye8b@engadget.com,"aN6""*A9J<W",2011
301,ukalisch8c,nlikly8c@bing.com,jR9`7?4|,2010
302,mgater8d,dorfeur8d@umich.edu,zC0(TaicQ,2014
303,jminucci8e,ucornely8e@imdb.com,uX1?dT$~)j28V/,2012
304,bbulward8f,rkemshell8f@state.tx.us,iG4|k&#}*cfzx,2014
305,yjurkowski8g,ssowrey8g@microsoft.com,aM4#=>b3CO,2015
306,mdower8h,gdibdale8h@netlog.com,"eV3""OUFu|}",0
307,ailchenko8i,mdennett8i@hexun.com,rB0|E|_kC,2006
308,fnaton8j,mshackesby8j@ustream.tv,dJ4)ZSQYA0@,2018
309,forgee8k,esnookes8k@tiny.cc,kJ1(`3.Lo~(,2007
310,dhannibal8l,xalbury8l@ed.gov,sW2)=94jn{,2018
311,vcraighill8m,dbickford8m@nifty.com,zN9@G\_#HDeI,2006
312,eaingell8n,btatham8n@businesswire.com,bR1!~9yMG==9w,2014
313,hellesworth8o,ahasel8o@gmpg.org,lJ8}0Sm_+nsm4s,2007
314,rbifield8p,nbeswetherick8p@spiegel.de,"lS0)4I""u{<vn5",2004
315,ebirdwhistell8q,deasterbrook8q@typepad.com,rB4\6f96UHs2sf?,2017
316,wstraneo8r,bmachent8r@is.gd,dO6>~<I!Dn8d#os7,2013
317,lpettet8s,kchaunce8s@tuttocitta.it,"gC1$t6W3e|g""N0r",2014
318,ubackhouse8t,hmason8t@arizona.edu,jW5\jP9XoxU,2015
319,plangridge8u,fgeerdts8u@usda.gov,nK5)c!mLZtW}f.CB,2011
320,gbewsey8v,ebarrass8v@amazon.co.jp,wK5'gB)9E,2001
321,abrattell8w,boldam8w@amazon.com,lP3(\QR3xxW'#w,2008
322,rgranger8x,jdjokic8x@vkontakte.ru,wT6#L&b{F,2008
323,spriestley8y,jdimic8y@un.org,wL4`Vp}%rJ,0
324,seustanch8z,ckerwen8z@feedburner.com,vE0#k<t<R6l`F,2020
325,cblackboro90,omacsharry90@addtoany.com,zK1/'vU%m,2014
326,wvalett91,lenevold91@printfriendly.com,"fO9|G|5{m""nIyb4",2019
327,fmacvay92,gkopp92@g.co,"cY5,8e|\*z>t|O,",2016
328,msmyley93,apodd93@yahoo.co.jp,"jU8)%,c4\Ezs,1q",2016
329,schatelot94,dkull94@icio.us,zS5+S!*$whb#,2017
330,mswyne95,wmcsaul95@amazon.de,"sZ7`T`c,7P",2019
331,hmegarrell96,dcalcott96@epa.gov,qF1`yl)lild{di1,2018
332,mwoolgar97,ksummerell97@howstuffworks.com,sV4_k6&~Rj}g5zm,1997
333,mvignal98,plefebre98@discuz.net,"aP3{6i,,\1w",2007
334,dgiotto99,aferrey99@hhs.gov,jH4{{r3LsA\c@,2014
335,gspringtorpe9a,oborless9a@redcross.org,eB0\7mD@tA,2019
336,ddeville9b,gmcteer9b@google.co.jp,hQ5+z&N7GE,2010
337,rsawkins9c,blambart9c@businesswire.com,fB2?nOgJ,2005
338,apocklington9d,letock9d@imgur.com,hX3##E2V.z,2014
339,gdoward9e,ddibdale9e@washington.edu,gV9#9byQ=PLoQqf,2016
340,btarply9f,wblomfield9f@imdb.com,"uT4{j7*kbi""G{B",2013
341,vsuddick9g,fmcentegart9g@google.ru,lC6+kau=,2013
342,sfoskin9h,miwanowicz9h@facebook.com,lP5%AE6yS,2018
343,jlansbury9i,vcomley9i@blogspot.com,cM0!p<p'<R,2015
344,hgrayling9j,tmea9j@xinhuanet.com,pB5&f1af*x,2011
345,bblowne9k,hlotherington9k@techcrunch.com,"oF8""<jIXh{xG%z",2018
346,cfont9l,bcritch9l@loc.gov,gU0.nIH'c4<iGxu&,2015
347,smary9m,cgossage9m@devhub.com,aQ6<HqusmC,2014
348,lsings9n,trixon9n@merriam-webster.com,"aT0\,!mYt`",2006
349,udumper9o,gsillito9o@virginia.edu,"gB7`,)jbx8)<!",2013
350,wponde9p,drathbone9p@amazonaws.com,wT0{p6qUsk,2008
351,hlesor9q,omatschuk9q@mapquest.com,qK3`fco.7}`aK,2012
352,khamson9r,lsessions9r@smugmug.com,"mO6/JSC@db""",2018
353,lelcott9s,gmartellini9s@mapy.cz,zJ8(zFOvobsnAI,2018
354,nlamzed9t,alimpertz9t@weibo.com,eN4`n3Yi=a,2006
355,jabrahamoff9u,hespie9u@printfriendly.com,nJ9+C5(v,2019
356,ccarnegie9v,mkopacek9v@mozilla.com,hV9_?Hg#U,2010
357,kbeardsworth9w,rbritcher9w@surveymonkey.com,nP2</Zba,2015
358,dbartolommeo9x,cgatecliff9x@cloudflare.com,jW6?T+JM*h5VOBmI,2015
359,mcroall9y,anewlands9y@ca.gov,"xK6,Y*~GQs",2005
360,ocattow9z,farrigucci9z@mac.com,"fJ7&m$Wx!,5C}",2010
361,handrzejewskia0,nbohlmanna0@yelp.com,yR1`T+w}2XpNo%zP,2021
362,jswabeya1,dbeavisa1@github.io,wJ2/sb4g=RK,2014
363,esemona2,bgrinnikova2@mayoclinic.com,vL9{ch)x)kz@CQ,2003
364,amooneya3,aveyseya3@newsvine.com,pO5&BeL`T70q#P?J,2010
365,emelmetha4,challuta4@fastcompany.com,dG9$<v#2W<Q@,2019
366,fdechastelaina5,hlilforda5@g.co,qS3<4tNv7{b1,2009
367,jbyrchera6,sbanforda6@craigslist.org,yR5'2dQX,2011
368,bgarritya7,lblundella7@tinyurl.com,pL6.hCQj1}sk|4L,2006
369,rbudgeya8,ftartta8@rambler.ru,mT2`bmXm(*h/,2015
370,bormroda9,atascha9@hibu.com,lC2|HNcYUOF,2020
371,kobinaa,sharlickaa@devhub.com,iJ7{Bq60=,2018
372,abearfootab,plawteyab@aol.com,"fQ7@,,Vu",2005
373,mhousamanac,abatropac@businessweek.com,"zS0,>N\EMmk""",2017
374,akniftonad,gbryantad@vistaprint.com,dV5)r)96aZ~P>,2009
375,sgangeae,voscanlanae@census.gov,qJ2@0=v7'f,2020
376,aolandaf,swoodaf@artisteer.com,fQ9#_V4E5,2016
377,mchattoeag,aternottag@nsw.gov.au,lL7&4b9>0@XQ,2004
378,bforwardah,lhadwinah@51.la,hW1?V)|Cf|.Oe@,2008
379,slappineai,crailtonai@squarespace.com,iN9)M&=6jbc,2014
380,vjarrardaj,bcaddenaj@newsvine.com,aL6){UBl0'Y,2011
381,kclutterhamak,aporcasak@imdb.com,wA5<9IcOB(jQ4Ib,2015
382,avequaudal,stockal@purevolume.com,"wQ5""go5~",2004
383,srawlinsam,jdodswortham@dedecms.com,iV7<=.SU%_{qG,2014
384,bmoulesan,rbrisan@narod.ru,uN6?#6HR3aVw1s5|,2011
385,jvereckerao,mlorentzenao@usda.gov,iL3(BVocC,2012
386,slileyap,kwogdonap@nymag.com,bX6'~>1=ex~i,2015
387,bjanzenaq,nquereeaq@ihg.com,lL1(lMAoP7d4,2009
388,fwillsonar,akensetar@miibeian.gov.cn,gA9&\|U{lw?W,2004
389,alassenas,eculpinas@about.com,bG5~4zO~K$~,2014
390,wpowlandat,qtennantat@ezinearticles.com,jN0?bMj+\tgAo,2011
391,tfrancaisau,vavrashinau@naver.com,"bQ5&mLmH>""JRLRi",2010
392,hbalderyav,slomazav@naver.com,zV0|GN&{3Ai,2000
393,mhelleraw,clisciandroaw@slashdot.org,"dG0?~c5lk3""aOp",2010
394,acallesax,tbertolacciniax@buzzfeed.com,vR6/j~RN9&6iKj,2011
395,wferrimanay,ndovermannay@google.co.uk,pF6`'\8$i\,2009
396,lannetsaz,wcrehanaz@dmoz.org,iG0#ka>SS|gh,2010
397,lwoodroffeb0,fcundeb0@ox.ac.uk,lV3*PXc'(t,2012
398,dhaysarb1,agilbardb1@google.it,"jT9'""WhckW5>mB",2016
399,ryaneevb2,bpettisallb2@ycombinator.com,"fE2_XrRa4""x#7",2014
400,porrocksb3,elubertib3@posterous.com,aF9%qQ~GW,2010
401,kgordenb4,rpoelb4@plala.or.jp,qY6?&u0D6'64IC6,2018
402,fwaterlandb5,hwallsworthb5@google.com.br,"eL3{7@""1N~",2014
403,hfrankcombb6,sgrzeskowskib6@hatena.ne.jp,pD7$+n!I,2010
404,jmushettb7,tdellarb7@vistaprint.com,tR9_?0{jlaUgS,0
405,mkaysb8,gghiriardellib8@hibu.com,"jW8<B,k~6FAGw|/Y",2012
406,cjanatkab9,lbeerntb9@dagondesign.com,vZ2>@>{!X(ydi0,2021
407,gainsburyba,vavissba@eventbrite.com,"pY8*KDXQ,o",2020
408,wtiversbb,elochriebb@discuz.net,pU4'kZW}w,2006
409,sbandtbc,tlangerbc@technorati.com,nQ9'GpbM{=ygeK1b,2005
410,abruninibd,kpischofbd@pagesperso-orange.fr,vH1#tZxvB,0
411,idenmeadbe,talevequebe@nbcnews.com,"vP5.ggS""Q_ZTLl",2018
412,lbresnerbf,tabrahamsonbf@mail.ru,lF2&W6vRG,2002
413,ladessbg,jjuggingbg@1und1.de,sW3=xDx4Zm{+JJ_,2013
414,rhourstanbh,mrubertellibh@wsj.com,zH9(zFAv,2018
415,rsurcombbi,mcasinabi@msu.edu,rV7)Y=G'`$|a~7f`,2015
416,gwollacottbj,glacknerbj@addthis.com,"oR6,g&J27Nr1Y%",2016
417,tmarnsbk,tdanskenbk@reverbnation.com,vK9'b{IXX&p,2016
418,dmclarenbl,rhiddersleybl@dagondesign.com,aY0#X.v0Oz,2020
419,cabramzonbm,mdeangelisbm@reuters.com,zV4@~54cB>!$*~,2017
420,theighobn,lmawnebn@vistaprint.com,oN0(B.7cL0&.5r,2012
421,lburetbo,sdikelsbo@discuz.net,wM0)M`26s<,2020
422,dbeedenbp,atremoillebp@marriott.com,fD0/Zd=r<z_E8OEz,2014
423,flightbournebq,nborwickbq@squidoo.com,"yK4!y6#U+,J",2010
424,gruggierbr,emackenziebr@github.com,vT4~qohN@\&k,2011
425,ocowbs,dteggartbs@quantcast.com,tT6$!(faIzZWi#N,2009
426,ftomblesonbt,llunobt@bing.com,qV7=>K2%fJ1,2009
427,igrimsdellbu,zcrippsbu@youtube.com,eK8$acBc6xHOdBd,2011
428,jburgisebv,pcobonbv@cargocollective.com,jE3?w.eKj)M>b+,2000
429,bgriegbw,apatrybw@lulu.com,sL0~7iu',2005
430,cmcilmorowbx,afreerbx@pinterest.com,sK7.\v%u|Lrh,2012
431,ctrimmingby,mhrihorovichby@aol.com,oS1|fo.}C,2007
432,wlimeburnbz,rhaningtonbz@pinterest.com,rE9&LAkDEiX&Biz,2016
433,coduilleainc0,dthurlbyc0@slashdot.org,vN2|6ufQP,2013
434,rcoonc1,jhaffendenc1@yandex.ru,cV6`Jmo>u#=,2009
435,iphillippoc2,mvaggersc2@so-net.ne.jp,vL1$2P53/.,2018
436,sbotwoodc3,rdomsallac3@miibeian.gov.cn,mZ1%anf8n%(k,2010
437,nfarlambec4,sdoughillc4@ustream.tv,oI4\Si6bj&#vNZ,2020
438,elemarchantc5,sfannonc5@unicef.org,"iE0_WiLAl""2)",2006
439,clapthornec6,fsolomonc6@chronoengine.com,zO9*Q`0H4Id2s%x|,2010
440,igotterc7,alifseyc7@quantcast.com,jB3/@WeSOgj,0
441,douverc8,abotterellc8@chron.com,"dW2?%~iR/#j@""}",2013
442,bjevonsc9,gblampyc9@answers.com,jB1'(d)g,2004
443,tkaesca,mcaulwellca@about.me,xB5|_=U\|SFB,2014
444,acollifordcb,kdjurdjeviccb@marriott.com,vN1.PilH@P,2013
445,crobeirocc,reymercc@yahoo.com,nB9!UAxqPe8,0
446,gmeekinscd,ggrogercd@vinaora.com,jC2`Pr!T<,2007
447,rmixhelce,lharbardce@addtoany.com,"dQ7,Eq/ZZ>`|",2010
448,hmostincf,rshapcottcf@deviantart.com,cZ1&\*C@r,2019
449,lclaissecg,pluetchfordcg@dailymail.co.uk,vU3){mvJ1,2011
450,ckingzethch,arounsefullch@geocities.com,"eZ3""6fxY'G",2020
451,mjanuszci,swasbeyci@delicious.com,qL4{f8$Q=X/g,2005
452,kburlcj,erichardsoncj@skyrock.com,"xL3/5?Tu""Z6f&%",2006
453,hkaseck,ejerremsck@scribd.com,uI8?AW=op,2013
454,hgogginscl,fwalecl@google.de,uM8*U(KGOIeks%*,2010
455,slacercm,chusbycm@creativecommons.org,"tX6"">8rNhGyzH&`*",2010
456,amothersolecn,fleggatecn@ibm.com,sZ0&wrRCWo230r,2007
457,pflisherco,lgridonco@merriam-webster.com,fC9>MSuz_kUhi,2006
458,jlowmasscp,mlindbergcp@istockphoto.com,"qM9_""2)@IY",2018
459,lyitshakcq,mknightscq@last.fm,yP3`nqdzUeh<'6Q,2016
460,mdaltrycr,tteazecr@usgs.gov,"iB1=,x{C736Vop",2003
461,tbrandonics,cvyelcs@yolasite.com,vS0%EwdN%Oh$,2005
462,kjessect,hzohrerct@toplist.cz,eE0!Kc?)i\s9u+,2016
463,gramsbothamcu,pcassarcu@imgur.com,tT0#J3BU6A,2018
464,mstormontcv,adonaldcv@bbb.org,tB4|z/Jg>i,2017
465,tcowdreycw,vhamblycw@netscape.com,"yC5""S1RGlD?!H",2005
466,tblackbornecx,astairmondcx@narod.ru,aP3~</!LzN`h,2019
467,tkyberdcy,kjanatacy@ocn.ne.jp,"lZ5!x@d""w(??,&@",2011
468,cwarrenercz,elystoncz@cisco.com,kQ9$w.+Z7#H1J7,2005
469,lcrated0,sgilesd0@macromedia.com,mN8)JLAju&~n,2012
470,dvearsd1,rscaned1@latimes.com,xD8/fR)&5N6L%,2004
471,mjandeld2,sreimersd2@bbc.co.uk,zM8?MkzoN$|O$A$,2011
472,cmeneerd3,mmacgillivried3@harvard.edu,kC8\qHZsBrK,2012
473,tkincaidd4,slendond4@twitter.com,wT5\#plVa~muy,2012
474,tbartholomausd5,tfrield5@etsy.com,fQ6)W5TQo,2015
475,sdictd6,acleevelyd6@macromedia.com,wE4}+!!hql@DYd,2015
476,cdacostad7,lvondracekd7@gmpg.org,"bK1`=)cW,,tXm",2007
477,cbenamd8,atrembled8@bravesites.com,rR0%dT0s+7u,2003
478,kduckerd9,ahaskettd9@usnews.com,yL2<Ec@1NF,2013
479,kbucherda,mmordonda@paypal.com,"sY0=biIkv@>""#zg",2011
480,acoarserdb,kpawlickidb@timesonline.co.uk,sN7/AIZz0VU9|,2005
481,mbaudinodc,lcrucettidc@ocn.ne.jp,pP6.L@`c(IXYl,2010
482,dgawkedd,btowheydd@domainmarket.com,wG1'bvd6v,2013
483,jcollisterde,vtocquevillede@google.nl,oO3<1GsdGYmh,2020
484,jspeermandf,baronoffdf@meetup.com,wF9+n*MC\FU7/~ot,2014
485,scasillisdg,sbaughendg@g.co,"iN8+.,&!",2013
486,ibannondh,rboothdh@hatena.ne.jp,mL1()S+7,2020
487,mflottdi,igranthamdi@phpbb.com,"vT9&YdfdB8,Ldy",2007
488,cbickerstassedj,jannicedj@latimes.com,yD7~udZB3,0
489,jfeiferdk,radshededk@google.ru,uH3>p~Z'@.n%9,2009
490,bbuffindl,dpocockedl@nps.gov,mP1%x9HqDfl!Uj,1995
491,ccuppittdm,emyottdm@geocities.jp,zM9#u5f5,2007
492,ksivewrightdn,ccysterdn@facebook.com,rV0\0Q_MK&,2012
493,mglisenando,lkilfederdo@arstechnica.com,nC9|!p7m$zi,2014
494,rsmallthwaitedp,bferraresedp@cpanel.net,fD5~dpra,2014
495,ldefewdq,kredrupdq@privacy.gov.au,uM3\FnmeDw|+f,2014
496,ttownsenddr,hleftwichdr@moonfruit.com,eV2+o>1C}$F2mhtj,2019
497,eeuplateds,agirogettids@google.ru,vU6.hi*F5kXQ,2019
498,byurlovdt,wpreddydt@storify.com,yH4!X(_??sxcA,2014
499,tclohissydu,tmartdu@blog.com,yX5>D=AH}SNHkl,2009
500,ffrantzenidv,sbillesdv@furl.net,fR1{%auH7G,2012
501,gsewelldw,swoodbridgedw@baidu.com,xP4?m2am',2017
502,avalintinedx,bcattralldx@a8.net,rL7|&%ZvA,2014
503,reelesdy,bhellerdy@theguardian.com,pV5=TAZ43T>S,2020
504,cantonichdz,mpidgleydz@tripadvisor.com,"hF8""<9""L!7Om&H{k",2000
505,dknibbse0,ehaversume0@gravatar.com,yL0'VGmsJjB?vE,0
506,tkupise1,fklagemane1@wufoo.com,qF3*kQ0sj#,2010
507,gpogosiane2,rbottlestonee2@free.fr,eM4)(s$lbb)6l,2020
508,cclellande3,dcuddehaye3@hatena.ne.jp,mS7'cT'E,2009
509,pspradberye4,ymckibbine4@miitbeian.gov.cn,oG1)gat6~ulO(b>,2020
510,rdinegese5,tgoodee5@google.com.hk,yS6<>!f'|J_,2017
511,mortelle6,mcrolle6@wikispaces.com,"cQ0,?oN!#2",2015
512,gcracknalle7,mschumachere7@nbcnews.com,"xC4""H%=ODZn$0P",2019
513,bmealee8,mtrymmee8@wordpress.com,tN3>FXai`aE(9,2011
514,tedensore9,sproute9@1und1.de,"iC7""QF|#",2005
515,ekenrydea,landreacciea@pbs.org,nV4}!+yB,2020
516,phuddlestoneeb,hlarkkemeb@tripod.com,gW3+cp'o(J!Tn22,2016
517,jsharerec,llabbezec@wufoo.com,pX8|KK(1ez~o6g9,2009
518,radamowitzed,maynolded@usnews.com,rM7(.S=zC,2009
519,ihalburtonee,agissingee@prweb.com,pG3$\}|K&s'(db,2019
520,povendonef,rmullanyef@themeforest.net,"pD8""&77&?",2018
521,crobbertseg,nhaglintoneg@t-online.de,pO7|@/jYv{{>}Mj~,2016
522,awebbeeh,mbagbyeh@bigcartel.com,"rN5\NO<""g",2015
523,kshamaei,tsapwellei@mysql.com,rX5$*H.Swv,2009
524,llovingej,nrunnettej@creativecommons.org,fO0.#\H7,2011
525,tdowzellek,ycreserek@ucoz.ru,mD4+&!.CY9/x,2014
526,klisterel,fstuchberryel@cyberchimps.com,yU7&'gy#A,2015
527,jjoscelinem,rcovertem@cnn.com,kL8|1pj7igt#,2015
528,dparlouren,kallcornen@reuters.com,yH1..2h#Hg>HP,2009
529,tstorryeo,myacobeo@ow.ly,eB7~FQkFk,1999
530,eastleep,coscroftep@123-reg.co.uk,wH7'1jGIT,2007
531,ichalleneq,doldmeadoweq@ucoz.ru,bL5}xiFaoy40SMfS,2002
532,mmccomiskeyer,bstuckower@reuters.com,lF3=B5/$q,2013
533,cbalhames,bgiorgetties@csmonitor.com,hG0~Z\.(6,2006
534,tmccleodet,mmitskevichet@hc360.com,gX2<Xtb=)ojnbqq,2013
535,pmordieeu,fohalliganeu@whitehouse.gov,kY1>$por,2009
536,hchurchleyev,lbrunev@epa.gov,"dE5|HtjAeGAC""e\",2013
537,lmckelveyew,bdevineew@squidoo.com,"jE7.&G""wc2FJ5D",2018
538,kbonallackex,chathwayex@theatlantic.com,sE1@Ri=}`,2016
539,benriquezey,tladlowey@yellowbook.com,eG8{z.v==NF,2018
540,rhannayez,sdobyez@rakuten.co.jp,"yM8@v,x{GsXu(P",2010
541,sromaninf0,mvillaf0@ted.com,bL0@jv|x,2014
542,ebeartupf1,astannionf1@dedecms.com,iD5=rdD%Cg$V,2015
543,vyarnoldf2,zsandomf2@g.co,cJ0`IMl@I$l!h},2010
544,labramf3,pcomminsf3@histats.com,"tJ4_?8""@t",2010
545,gmccarrickf4,jaltyf4@jugem.jp,"aJ5{wX.KbIp""Z{",2011
546,aevinsf5,mquaylef5@sakura.ne.jp,oP6.?$E)a9,2013
547,hbartelf6,mglaumf6@cbc.ca,dQ0}?XqPX',2012
548,lhawkswoodf7,cwagerf7@topsy.com,eN3*(vK%Hec*@h#,2008
549,fbringloef8,eascoughf8@pcworld.com,vL0{2w84Iy#O,2019
550,vhearfieldf9,jsouthallf9@gravatar.com,bS2?A\L{,2011
551,echeesworthfa,fgeramfa@wisc.edu,jH3.jq.8*?=$|,2020
552,nfarrantfb,ljunesfb@instagram.com,oL0(|KA!5e!l.,2010
553,cjanatafc,edyottfc@newsvine.com,"lG2""ii~I<$3ht",2003
554,egamlinfd,bparemanfd@time.com,oV4_@0d/~q',2013
555,jbevirfe,ppunchfe@soup.io,hX8}E6~(~$GT_D',2011
556,hmcmillianff,shoudmontff@netlog.com,fE2!Oz6Fc,2015
557,mlindupfg,fhamelfg@oakley.com,"fI1""fe<o\_!c%lc",2016
558,nbassonfh,ienstenfh@ibm.com,"zS8##""QerlW",2005
559,sossennafi,gjaillerfi@sogou.com,bV7*%_c$N,2017
560,mrowselfj,mandreinifj@freewebs.com,wP1*\=e<>QhEVVRG,2012
561,edeetchfk,eclearyfk@indiegogo.com,"yD0#7n""#2PzG",2006
562,wthirlwallfl,fbaumefl@ustream.tv,nG1>)zXy_J,2014
563,lconnellfm,aclailfm@umn.edu,wO8*nK|4',2011
564,gheishamfn,rwardlefn@tripadvisor.com,zN0'V4!g,1998
565,rscalafo,trubinszteinfo@ovh.net,aQ6@n*?rcs,2020
566,jedelmanfp,fnealyfp@columbia.edu,"cM3$,}>r",2018
567,lcooksonfq,egiffenfq@bloglines.com,oZ1.P+)*NP,2011
568,ceuesdenfr,slathleiffurefr@photobucket.com,"vJ5!3""T}y1Ie",2020
569,metridgefs,jvanesfs@vinaora.com,aR9(Y6w61|Y,2009
570,fnealeft,akimblyft@bluehost.com,eC7`9S|K,2017
571,vyappfu,etestinfu@jalbum.net,pZ1`'qy5=DVQ,2010
572,mdowderswellfv,krubenfv@businessinsider.com,rX6\Xpu2<,1999
573,psimonuttifw,emaffuccifw@parallels.com,lI4<<>D!mJ,2014
574,adumbarfx,gphillimorefx@house.gov,qN2>1DC=,2004
575,jdowbekinfy,jgauntleyfy@nature.com,gY2/x*4aB/U,2016
576,cfoloninfz,fstuehmeierfz@icq.com,wG2>4=l#%,2010
577,adengeg0,ssillimang0@latimes.com,"sU2,pH46",2017
578,mcastanedag1,tjong1@histats.com,fT9<K5(??Ny,2009
579,bdownesg2,mruosg2@networkadvertising.org,"qC5"".26\",2012
580,pcommuccig3,dpauntong3@github.io,"bW5/)aTf,9T9+f",2017
581,tlachezeg4,dambrozikg4@google.pl,xC7%0{~/Y{aR~,2015
582,nsawg5,rnowakowskig5@examiner.com,"gK9,r0~4aunb",2013
583,bwoodyearg6,rwattg6@bizjournals.com,bX1'#('z*Q,2013
584,diveyg7,dneylong7@blogspot.com,vY5)U52O\M,2013
585,bknapmang8,aropkingg8@eepurl.com,"uK1`YFOZ\9S!""C",2019
586,croosg9,gvendittog9@techcrunch.com,xN2{KYbYz,2011
587,aogilviega,rdillingstonega@blogger.com,wV5#Z7S/|n,2003
588,hmawtusgb,mforsbeygb@sphinn.com,cF6/B{9PN/,2019
589,abasillgc,eaizlewoodgc@dailymotion.com,sJ2\1pPMyXa~,2014
590,cullockgd,yrochellegd@dailymotion.com,"fX1""R3<N!).Y2B,J",2008
591,uverege,vnutbrownge@cnbc.com,dQ4$lva6hHpS,2019
592,lfrygf,jbalderstonegf@ca.gov,"sP2}65h""Pvz""SX*@",2002
593,nbeaufoygg,tfarlanegg@google.de,wN4|.0_3X,2002
594,mheretygh,lcarlyongh@usgs.gov,gN2)6S\_GS1Pe.,2018
595,okeysgi,ebriengi@mysql.com,"oH2),3Z}",2012
596,rscreachgj,raggettgj@stanford.edu,pT6<h3(a1lzPQ,2011
597,dlabeuilgk,nfolkegk@ed.gov,gA8_yq'C&~,2008
598,dgallimoregl,bbedbroughgl@t.co,nH1@Q9|L|2,2012
599,gheseygm,iandreuzzigm@tiny.cc,fF3|v*vCIG7mwQBB,2019
600,jhearonsgn,nguppiegn@csmonitor.com,"aK7?aDa.fW5,t~WN",2020
601,demmettgo,tlorantgo@buzzfeed.com,bB5{qIxS()`s#B%r,2005
602,egourleygp,rdenricogp@free.fr,xG9@G605,2019
603,cberteletgq,pmalhamgq@ucsd.edu,lB5$l(itTXBJ,2002
604,klambshinegr,bmcmeekingr@dailymail.co.uk,vK9!J8/m#,0
605,spersiangs,wpidwellgs@home.pl,zQ6#G|DWv%vDz5,2012
606,mtalmadgegt,eonealgt@cam.ac.uk,hX5{}JHzW{QJqBM(,2014
607,cseabrookegu,pschieferstengu@wisc.edu,sF9@}uXU$5Pt,2012
608,mdellenbachgv,mrennegv@hud.gov,gW2+3Y3Dl6,2020
609,acowthartgw,shanngw@unesco.org,tG1?|=3!i,2012
610,wprawlegx,ppenzergx@shop-pro.jp,sD6_iM@.C,2012
611,ajudengy,ksporlegy@free.fr,pD7+<p\Q%X~,2014
612,jfinlatergz,cwagerfieldgz@fastcompany.com,hF2%fZSK,2005
613,graybouldh0,rduckwithh0@soup.io,"qW7{g+\@""Yd1O}vi",1997
614,sspieckh1,mdoftyh1@cnbc.com,wM2<fNz`v,2005
615,bmaitlandh2,rastleyh2@forbes.com,iX6}\`>g{d0_ql,2004
616,breadeh3,sgalpinh3@comcast.net,oL1`}u3$Ppb=,2018
617,lgrzeszczakh4,mheibelh4@artisteer.com,gH6*xXZ$RxR{kz,2020
618,atousonh5,jhughmanh5@cmu.edu,bJ5_bY?QANqYT,2011
619,agirodiash6,bgulvinh6@phoca.cz,aU7_>$)W#l,2008
620,lsintonh7,omuspratth7@delicious.com,"aR8@m!Kmqdl,nl",2013
621,fcrosslandh8,hlabrenzh8@baidu.com,gY0+o3$WfUVK,0
622,proakesh9,elassellh9@csmonitor.com,"yF6\x.5#a,X?",2005
623,sdinniesha,clevesqueha@friendfeed.com,"cF0""y*z_*KZ36?",2003
624,jvannozziihb,cculpanhb@bluehost.com,"eM0+~xG""AoK~*XQC",2006
625,xhindmoorhc,wfranklinhc@yale.edu,"aH8~.?}M9,r",2012
626,gcocklinhd,emaccauleyhd@wikimedia.org,lI7`~\~87BwKSO,2020
627,bclache,lhouseleyhe@miitbeian.gov.cn,"aN4""V9,v~!{",2019
628,flongworthhf,bomoylanhf@icio.us,xS9$j/e\SrFYOr,2008
629,tdaulbyhg,bcoggellhg@artisteer.com,wJ6{W1$yXV/XK,2018
630,mjacobsohnhh,geckeryhh@theglobeandmail.com,fI6=K8tbJ9ALe,2020
631,rtowlerhi,edallimorehi@exblog.jp,wB0{)A&X|R,0
632,ococklinghj,wpriddeyhj@ucoz.com,fS0.7_OK!N$7,2013
633,rlinklethk,csymingtonhk@amazon.de,mY8=dDogmYd)jz),2012
634,jvandecappellehl,tmathwenhl@domainmarket.com,aC2?6ciYuWPPVrL),2020
635,ctymhm,mlaperehm@cargocollective.com,uG8.LtK@U>W_,2015
636,gedlingtonhn,ppymmhn@telegraph.co.uk,yY4*X.}_*kheh8x,2020
637,msenettho,bgotecliffeho@nhs.uk,oO5%X&wP`!DA,2010
638,fbeatenshp,kkorfmannhp@rambler.ru,lF2\+c.gSK4/O,2010
639,jhalsohq,mflintiffhq@wikispaces.com,mZ0?D~i7#D5t.v,2020
640,sgeytonhr,rbawcockhr@twitpic.com,vU3<FMn@,2010
641,bcajklerhs,dshallcrosshs@forbes.com,nX7%fww3NdhX\0t,2005
642,kfrantzht,aguiduzziht@narod.ru,zJ0@WG3mO8,2017
643,hskeldingehu,mhoovarthu@webnode.com,xH5%2*d7ssUX2,2011
644,jstatherhv,tkennadyhv@bbb.org,gU7'qMs\!d0xo,2010
645,bfretsonhw,mbrambillhw@jimdo.com,rM6*HvfY,2000
646,nbelfhx,cloxstonhx@umich.edu,bP0!`M2$LZ,2016
647,oivantsovhy,mivanchinhy@hostgator.com,"cK5{mHL5m%""",2019
648,llevetthz,fpactathz@bloomberg.com,tK1*\WA14G),2011
649,bstapelei0,ggilardii0@shinystat.com,sZ1`'0mf<,2017
650,drueggi1,nfealyi1@shinystat.com,iN8}OzOh7EW?,2018
651,nmuddlei2,cdemageardi2@livejournal.com,uY8/TEWH(,2013
652,dpantryi3,wgalbreathi3@reference.com,fV8`aa++mPHASdk,2007
653,sslymani4,coverili4@fema.gov,fS5+8N+XCHCg{(OI,2012
654,vgillhespyi5,gappleyardi5@is.gd,lV2)Ufdp$j,2014
655,pemblowi6,sberreclothi6@gmpg.org,jD4@iYj_\Q&}j)b,2012
656,rscottingi7,tthorndycrafti7@marriott.com,"sE4/qA,6M",2015
657,marundeli8,mcasoi8@nbcnews.com,oR2`sY.)$N~yR=,2004
658,mzaniolettii9,pweatherhoggi9@globo.com,bB4/jRih%wdewr.,2018
659,tgeorgiia,tkeenia@businesswire.com,vU3&y)JeH@,2018
660,elongwoodib,farnotib@google.com,nZ9'EK4|4~z6,2010
661,dgianniic,tmayceyic@instagram.com,"eC8,rXg}7=j|pD",2009
662,jgresswoodid,mfruserid@google.es,dB9@QJkPb3ypFm,2008
663,ealanie,bjenkisonie@google.com.br,vS7.twMq,2002
664,lzuanazziif,bcunniffif@cloudflare.com,tJ9.|@P',2020
665,schristofeig,ecordeletteig@vinaora.com,"qK3/H_`""""",2008
666,rragbournih,ccockerillih@flavors.me,"bG3<k""*x=?16/`",2011
667,cekeii,dgavrielliii@pinterest.com,aT1\N)tcRq,2016
668,cmurdenij,ejemmisonij@e-recht24.de,tT3#VfR|(0J$1l$G,2005
669,yfuttyik,rcotterik@patch.com,cZ0|.#{A3an\_',2020
670,doveril,tknivetonil@xinhuanet.com,"pJ1)zHh'?,@",2015
671,cdunnawayim,bkeenlysideim@blinklist.com,jS4.%?CXG,2018
672,ctaddin,rmorbeyin@disqus.com,dN0+#fR6Qg'Y,2015
673,mnelthropio,lsturtonio@zdnet.com,dA0+KxF.,2017
674,severtip,dmarchmentip@opera.com,"uC3=F|,lx5r`",2020
675,kickeringilliq,rkinchleyiq@skype.com,rO7/X#nv'qK7,2020
676,zforcadeir,iquaintanceir@angelfire.com,jW6$NNBJa,2014
677,lshackelis,egheeorghieis@vkontakte.ru,xN9_@G+k,2018
678,vchaffynit,cnorthleighit@si.edu,rC6.*zfR#ge>~D,2016
679,edymickiu,ltimbsiu@mail.ru,kH9*peTaL)X*'o,2018
680,ggilleyiv,bhovertiv@aol.com,dM8'X)`yVTIq,2013
681,dhazartiw,efilintseviw@ovh.net,"aX8#!8ZZCdio,n",2021
682,jguillotix,nbosworthix@flickr.com,pM0!u!N#2aa,2017
683,ngaspariy,ediversiy@360.cn,uM8$t1tnj*FOjy,2012
684,akuniz,wdickinsiz@live.com,lO8\9Qxk<rU,2013
685,epharaohj0,iimpettj0@ftc.gov,bX5+bF{7!fXBRBp5,2003
686,kleathesj1,irhubottomj1@mail.ru,zF0&OL5't&p/Nks&,2013
687,jkeatingj2,kelvenj2@homestead.com,fG6#<5rAS,2013
688,erossboroughj3,pwinkj3@slideshare.net,"yE8,8@\j)~",2003
689,mfussiej4,aauchterloniej4@symantec.com,mZ7~W7/b,2015
690,ucheasmanj5,dbullarj5@microsoft.com,gW2#btR8h\,0
691,bknapmanj6,paveryj6@blogspot.com,pX9@inDe+ab`A11,2005
692,drobicj7,swetherheadj7@naver.com,"lU7%JyMp<}""",2014
693,apeachmanj8,elytej8@toplist.cz,eT5`+UR#%7,2012
694,mgomeryj9,cfilippoj9@multiply.com,vD7*Fpo+Ki+,2005
695,swilkinsja,tcolemanja@dell.com,wM9/#{y?$Z\,2015
696,daprahamianjb,ddalgleishjb@home.pl,eQ4(wc8niWi4jLPT,2013
697,retiennejc,melmorejc@altervista.org,"dY2""|I0""+p{Z",2015
698,cormstonjd,gbroseniusjd@php.net,cZ4{h4OD,2015
699,gshiresje,ebeurichje@fastcompany.com,wA2_v#Pt$oaDM5D,2018
700,dsandyfirthjf,awinchcumjf@simplemachines.org,pH5{@PE\,2017
701,wrudolferjg,jelstubjg@webmd.com,oD7!{.VYR,1999
702,amasseojh,dcrickettjh@google.co.jp,"jE1~#kfZPQ`{aJi""",2020
703,lmoylanji,vfaireji@home.pl,cL1'fOGzctEo`,2013
704,bspoffordjj,jhammersleyjj@rambler.ru,"xC5,EN,+7MO&OV5",2016
705,jeckartjk,vwindrumjk@meetup.com,jW0'r+<@Cj,2011
706,npedrocchijl,rluciajl@baidu.com,uT3*=Y/?Dn,2011
707,aalanjm,lfarakerjm@domainmarket.com,kK4>x*@mV,2014
708,cmanserjn,gshearnjn@w3.org,qH1@N`Iq,2015
709,tmingetjo,ashallcrossjo@usa.gov,fX4@R27B,2016
710,hiacopojp,vsurgeonjp@elpais.com,yW6*o&fWc,2020
711,smelljq,gtrudgionjq@privacy.gov.au,"bE6""56oEk#9<}r/.",2016
712,hpoytressjr,bmullinderjr@weebly.com,gT5&VrG{`Z@,2014
713,rrorkejs,bweadickjs@dmoz.org,lI9*p!6Or,2013
714,aheephyjt,aheinritzjt@nbcnews.com,uL8/H_c$?r{$W_,2012
715,kstollenbeckerju,tolyhaneju@simplemachines.org,tE6{V}g`=9j=W0Q,2013
716,mchesnutjv,lmccawjv@trellian.com,dD9.hhkf36e_%#d,2012
717,tpickringjw,kciceronejw@dion.ne.jp,dG5*GJ=mTlE!7,2012
718,nattyjx,cmiddlejx@ted.com,"vQ2$f""49~",1999
719,gfrowdjy,mcallaghanjy@ask.com,"aZ8,&yCInRwLy}=",2019
720,mgariejz,jgovejz@reddit.com,oA7)q}RRh$VrG$=~,2011
721,tmcauliffek0,rpoadk0@bigcartel.com,rW2#y&!YSI,2014
722,agauldk1,jedelheidk1@youtube.com,fV5_YM=Rrho,2014
723,dfredak2,dzottok2@tripadvisor.com,hX3}aqf3qf>R\,2004
724,kborrisk3,jbrechink3@g.co,sG4(f'XC_qy%=P,2014
725,kwalkeyk4,tfawssettk4@addthis.com,gG9?ENU!UmsXG0=x,2016
726,dstaplefordk5,mbreawoodk5@over-blog.com,eE4>K.#Pa$kb2,2012
727,tdahillk6,acherryk6@addtoany.com,pW1$Hbol,1995
728,uskucek7,whullandk7@comsenz.com,lL2!Bw{7,2015
729,cstilingk8,shadnyk8@typepad.com,jT4*R6%AGB4,2016
730,dpeek9,gsalisburyk9@t-online.de,dY2<h=\OmOIZ?7,2015
731,hruggka,lmaccookka@eepurl.com,"oU3.*GY+""ynF",2015
732,bbickfordkb,xnehlskb@weather.com,jW3&ll40i`I,2019
733,kbohillskc,omcilwrathkc@odnoklassniki.ru,"lX6*p!8,i#KLmg4b",2016
734,arubinovitschkd,spolinkd@discovery.com,yD3>6?iP,2016
735,alightollerske,ksomerbellke@intel.com,dI6$'{DYxz+cYi9,2003
736,tcantoskf,aspirkf@yellowpages.com,eK2!coQKZlo{e,2012
737,bwildbloodkg,jcorkelkg@cbslocal.com,zE3?#O3.,2019
738,scountkh,nhebbronkh@fc2.com,rE9(W}=>,2011
739,mczajaki,agradleyki@intel.com,"bN2""Y1((~`Mv}",2015
740,smenendeskj,slamartinekj@boston.com,"eT3(o,QXv""W",2015
741,eladdlekk,jmarneskk@geocities.com,vS6`%.ii~&~_,2011
742,rrasorkl,aallsworthkl@army.mil,kM6?SWUT9O,2014
743,cwringekm,ssteinhammerkm@live.com,fA1#1HYt!Zy)HQ>,2011
744,kstanlockkn,jschapirokn@abc.net.au,uA3'W_Zllg>,2014
745,hcollinetteko,taltonko@yale.edu,eT5\gp{|ZJvMi,2006
746,kmacalesterkp,gjeandeaukp@123-reg.co.uk,zF2*fq~/,2005
747,kwimmerskq,hsydallkq@google.cn,nL7*%>57Oh,2000
748,mamiskr,ndomicankr@patch.com,"nS7{iQ9R""",2020
749,rvasilicks,lgwillyamks@ifeng.com,iK4&'MtaFhGwk@,2011
750,hpursglovekt,kkinnykt@is.gd,"sA2&xJTw""",2016
751,zwintersonku,pstpierreku@usda.gov,rV8=g3v.KmdL>,2012
752,rgerrellkv,esullivankv@de.vu,yB4(sOnwZHvYz,2013
753,jhenstonekw,lbarnetkw@hugedomains.com,"pH4_R7o`s,=ZR",2015
754,ewarboyskx,hneemkx@domainmarket.com,zW5_6C=rF,2014
755,cspurwayky,kburbageky@cbslocal.com,wL3&/Y`$}RO,2012
756,dsandykz,tscarsekz@yolasite.com,gH5{axMKZ8oDnf,2003
757,kgareyl0,lgreenhaml0@linkedin.com,"jT8""13)7k.",2014
758,fmacmeanmal1,olongleyl1@yale.edu,"kV9){p?.%""C2",2004
759,jhummerstonl2,sendonl2@tuttocitta.it,jC2){ZX\Ad,2010
760,cmabbsl3,fhalburtonl3@qq.com,"lR5,8T.R4R",2008
761,djosskovitzl4,hwhebelll4@nydailynews.com,qE3{ew5$.=!,2010
762,dallderidgel5,fcawtheral5@yolasite.com,mF9.MDb)K#sy,2005
763,araikerl6,gledwidgel6@constantcontact.com,bL3=ucX/,2020
764,smacmenaminl7,emerklel7@1688.com,yB3?BXSwC`Ok,2006
765,jkeoughl8,mdomengetl8@addthis.com,"aJ5,@OstSKlqW",2012
766,glarcombel9,mwestnagel9@jigsy.com,mP6$sJYuRul_8,2005
767,emartinela,gpigneyla@youtu.be,"sH4_v=W,z(?IC",2018
768,mshadrachlb,mpoppylb@g.co,qB8?aM3V\xEHxP,2007
769,dpenkethmanlc,cscanlonlc@joomla.org,wF3+y8s%sA~5}a{,2007
770,dewdaleld,bcollingtonld@etsy.com,mK1\s2M&/yuR5,2008
771,imorterle,hshadfourthle@phpbb.com,vQ1@Ut4P4~H{k/GM,2018
772,cspradberylf,ashouttlf@1688.com,uG4>p9(}@x)qz,2010
773,aabbysslg,bgraeserlg@opensource.org,bN5~o(am,2018
774,edybelllh,cbrehatlh@berkeley.edu,oA4.u?E=nQ9!o<o6,2019
775,kliddonli,jealdenli@mapy.cz,"qN6=5Yb',55",2003
776,rwarrattlj,cgotcliffelj@eventbrite.com,pG1`5HwI@*E5Q,2007
777,kpaulleylk,vsharvillelk@cnn.com,kH9{pvuT$~&Q9g/,2012
778,dkikll,jmoinell@wired.com,"yT8\x1G2#{B$u%A,",2018
779,alorenlm,rtappingtonlm@time.com,vZ3)C_/F,2015
780,dmccraineln,mjirasln@google.ca,gO8'Me!{uN,0
781,ascoterboshlo,pcollingridgelo@ucoz.ru,"hR8{""LQD",2011
782,mspriggslp,jodesonlp@europa.eu,tN3~g<}AcF@Oj,2011
783,tdytonlq,blarradlq@about.com,sJ9/y~?g)(kqd,2012
784,kabsolomlr,hcoleylr@oaic.gov.au,"gB9?Q!SZpw,<S72`",2015
785,acaldarols,cpoynzerls@over-blog.com,hL9<&%cNvh=ho,2007
786,adyersonlt,akubinlt@elegantthemes.com,wX7~XN!D(=2},2020
787,cblackalllu,gheedlu@nsw.gov.au,dF5*>myt|@Ot,2020
788,aguiulv,mheiniglv@parallels.com,zX5&a!rMM,2006
789,bsolomonideslw,skilfetherlw@chicagotribune.com,tR8|k`>qz8qpzG4,2015
790,ngiovannillilx,nelsmorlx@chron.com,oT9=}/bXi~}TcSFP,1999
791,nandrzejczakly,awiskarly@addthis.com,gG5%flJ<DQ,2006
792,cstorklz,ldawidowitzlz@addthis.com,oT2~`MOFZs@{N,2015
793,rrickertm0,agogertym0@ustream.tv,"nC2,P+XQCVZ+$L",2020
794,averbekem1,rcartmanm1@barnesandnoble.com,"bN9(PIdH2_g6j,",2010
795,btitchenerm2,rdranem2@state.gov,"nB0%V@nD,e!",2011
796,sfroodm3,elalleym3@sitemeter.com,oG5=wiPDk,2015
797,jwattinhamm4,dcottellm4@nytimes.com,eB1)WK0x,2010
798,gleaverm5,rlandsbergm5@phoca.cz,zN0@DFSc7LrN,2004
799,mparmenterm6,dbourbonm6@techcrunch.com,pK5)@KO*<%\,2006
800,hgarardm7,ascrancherm7@google.ru,nV1$ThHExJDVZ4/,2020
801,gmaccleaym8,ffawsonm8@is.gd,mW1>SPcEr|e~,2019
802,awaddamm9,ebrazeltonm9@ftc.gov,vQ3>GWLp<2L,2011
803,rlicarima,kcoylema@163.com,kP4.Ji#X?U98$KF,0
804,nblomefieldmb,bormondemb@de.vu,qM2&Q\dv,2012
805,dzimamc,vsnowdenmc@posterous.com,"yQ2)KeG6@HU}Fn8""",2008
806,ebelchammd,ewarnmd@columbia.edu,eX2)43QHy3e}n,2003
807,rmcrinnme,feckme@buzzfeed.com,kM5<mVgcUX>2B@,2014
808,lcowlemf,jmorgonmf@amazon.com,"lX4""$Dq_",2011
809,bfliegmg,bdowthwaitemg@about.com,lG1&*h`=,2012
810,ggrishinovmh,sblethinmh@slideshare.net,yY9+{6vQ,2020
811,dcohalanmi,rlemmemi@forbes.com,rJ7.kFswm@YpY,2015
812,medneymj,gdurrancemj@slashdot.org,"fZ0!?WYAl,doo",2011
813,tseeleymk,tkingcottmk@gmpg.org,vC4(D\L}A1Ve69av,2014
814,fmcgreadyml,lmacgillacolmml@4shared.com,iC6=CG)79p,2004
815,jransleymm,mbrabinmm@arstechnica.com,sK2*E/fngz,2012
816,sandreiamn,avallantinemn@purevolume.com,zZ9%S8<sY,2019
817,mbrostermo,ktaytmo@topsy.com,wC3\6N~X/F,2012
818,ehairsinemp,vfuttymp@samsung.com,wG9?8hO_{d,2011
819,pgirardinimq,jbullarmq@barnesandnoble.com,hM7@nfHAB,2021
820,rvedenisovmr,dholdemr@youtu.be,"xV7+|,/D49r",0
821,cbemandms,mscarcems@netvibes.com,"kB1/rVAnV""e9HB*",2013
822,ctiesmt,bameymt@msu.edu,"tX5""!5'~gia",2010
823,jlungemu,jgarnsworthymu@ezinearticles.com,tF4{87$53,2021
824,pdoughtonmv,bcroneenmv@gravatar.com,cC9(V.9&,2020
825,dhuwsmw,fspurgemw@wikia.com,"fT3~>QTH""VcJye>",2019
826,dduggarymx,tholdeymx@pinterest.com,tZ1{r*UvAcFGHWAK,2017
827,boakleymy,hmcmorlandmy@nydailynews.com,aU9>E09rAyhKf#=,2012
828,bfirmagemz,wcrudenmz@ucla.edu,qL1+PZ}Uy&,2010
829,rpaulettin0,adeavillen0@t-online.de,iA1<~JA(BrE,2006
830,pderilln1,osergeauntn1@wikispaces.com,nM2!kA|r4,2015
831,tmccrackenn2,rcrootn2@4shared.com,nD4_%U#x,2003
832,kiacovaccin3,dsteden3@theguardian.com,"aI7{,J+#D_ShcI0Y",2014
833,vwithurn4,nhaycroftn4@tinyurl.com,vM0_a{w6W7_TQa|u,1999
834,aeyern5,koloughlinn5@canalblog.com,rG1`N%HPmiU<j2,2005
835,bgarnn6,ogodrichn6@multiply.com,hJ8<{(tI!,2018
836,wbirtchnelln7,gshillabearen7@washington.edu,zB7''M%rKiC6zX,2011
837,abasindalen8,kzappeln8@shinystat.com,"wO6+qD*djx|A$""oP",2010
838,btaffeen9,smatterdacen9@virginia.edu,xQ3'itzWgBb{R&,2020
839,lsjollemana,ccrummiena@twitpic.com,yR2@<Are>%8,2018
840,nskitterelnb,cgossannb@ft.com,iL5@7.P/F#8Qa,2014
841,driccinc,mcloneync@wikispaces.com,xE7#_Lri9U~?,2005
842,hcavellnd,chaycroftnd@tumblr.com,tI5_M'T=\7,2014
843,bfantinine,vmarkne@paypal.com,"oO2`H,y""$PMryQ",2017
844,mclixbynf,lartinnf@japanpost.jp,pH5@UJ6*2(@,2020
845,fmurrisonng,etrenchardng@vistaprint.com,lV6+f+FivGZb,2018
846,agiggienh,sdearnnh@ocn.ne.jp,iJ8&4F3S8M.+,2014
847,bcrippellni,jrandalsonni@prweb.com,"mX9&""5DB?V",2006
848,sdymentnj,voheynenj@unicef.org,"jQ1!c9z0NDL,VN",2010
849,bniezennk,tnormanvillnk@google.cn,sL6<@?5LKdp,2019
850,rpuckhamnl,hbanatnl@si.edu,iK2|Q!hN4K)2Tgq,2019
851,agraynm,jshapcottnm@dailymotion.com,jB1(7OU&oEX!%,2020
852,cedgellernn,egarwellnn@kickstarter.com,wJ9<JT_+|Sfh,2013
853,eshepardno,cfrackiewiczno@blog.com,vP0_uom~YG,2015
854,cmckendrynp,nbevennp@addtoany.com,yT2~g6bE,2020
855,bduffrienq,jbissekernq@ameblo.jp,"sL0@!8Q,}2R",2003
856,gmillbergnr,lilymanovnr@t-online.de,lA6!U{lZ/idW=Mim,2006
857,tlangfatns,rrobynsns@posterous.com,wN5/2umd.98&ER6P,2008
858,omarchentnt,gflatleynt@yellowbook.com,"xA9.DO.9rE,Q",2020
859,ccradicknu,orainardnu@businessweek.com,cS8=C17@,2011
860,dmathannv,cvandenboschnv@army.mil,cH4&EZ'z,2014
861,akingzetnw,ksiemonnw@fema.gov,wT7&+B4g*0zkM,2006
862,jlillenx,ckemernx@prlog.org,sY5?)`t/fAaE,2005
863,dspurierny,ngeriny@samsung.com,sL7!caDQe#LnzXB,2012
864,graritynz,sdibartolomeonz@yolasite.com,bY5`JJ&oj3g@g,0
865,jgreeto0,ddehoocho0@guardian.co.uk,kX1~+J#caAO,2021
866,soldershawo1,rtroupo1@ehow.com,uJ3%aN\=zOWmiT,2001
867,ddorgano2,hclissetto2@amazon.com,"xZ0,=!Z|iC",2019
868,lpickerello3,tkowalskio3@cmu.edu,wY9)?c0v!tY|u+O\,2015
869,mmellero4,clukianovicho4@addtoany.com,sC1%SSfe,2007
870,wducarneo5,emcgeorgeo5@plala.or.jp,"gC1,hoONq5gf",2004
871,jsygroveo6,mnystromo6@adobe.com,iO4&g~TCGMIXW},2014
872,mroughsedgeo7,britcho7@google.com.hk,lC6@YgkQVJ1xBc,2020
873,cshordo8,lmaciociao8@github.com,hU8)oM}V'n85~Q`,2007
874,nguiduzzio9,smocketto9@google.it,nB0'!|r9/AQN,2002
875,apackingtonoa,mruzekoa@indiegogo.com,sF5=%h?ZtynI_S1j,0
876,dchapellob,kchomleyob@cnet.com,zX7_F6j_ww+f,2003
877,astanbridgeoc,dhansmanoc@home.pl,qP1.J/YdB>ZL$=r,2013
878,fgiffardod,chumbellod@fc2.com,lB7+UnfzIJ,2003
879,jwardesworthoe,lbranscomboe@imgur.com,sB4_n6k_(}Qul,2011
880,tsodenof,hcroneof@ehow.com,rT5?z*6Fw%\#LS,2005
881,epeakog,enashog@google.it,tJ4$(wMA%m%RaFfj,2011
882,dmalmaroh,tmiskinoh@sourceforge.net,xF1>u*h&kJTP,2012
883,rdeetlofoi,tdallywateroi@freewebs.com,eQ4?6Ltq<h,2014
884,adackeoj,cfranciottoioj@webmd.com,"qE0`=`sJ\F50C,|",0
885,bnurseyok,lmarvellok@biglobe.ne.jp,tW3&RDl>5fxv,2011
886,jroddyol,rnuzziol@google.pl,aK0.R9SHC|2sW,2002
887,bfippeom,jmarqueseom@wikipedia.org,"jY1~IfTKq""d&Cr&",2011
888,rmccookeon,kfarnillon@imgur.com,gG2_7f&I4<G#n+,2015
889,pmeyrickoo,rwrathalloo@opera.com,kO0&G@v~,2019
890,mcaddyop,wbrabbinsop@alexa.com,nI6&yjC7DSYs,2008
891,owiltshearoq,ekiteoq@businesswire.com,vZ2/i\~9kzL2t,1995
892,ctregoningor,bsincockor@seattletimes.com,sY2'qRE7>,2010
893,gcircuitos,gcleverlyos@webnode.com,gY6!diY8wg,2019
894,bkynmanot,tdawidowskyot@t.co,iH4<esBPn,2020
895,ebleackleyou,lvolkeou@earthlink.net,dC6=oBhB,2013
896,tgraftonherbertov,gblackeyov@tinypic.com,nM9<k2>+8h,2010
897,cdendonow,winsollow@tinyurl.com,jB4\.{?*D(1wc|,2016
898,eiannittiox,mgoodboddyox@mac.com,dI1}$`@`P,2013
899,ifermeroy,bcromackoy@spotify.com,"hI2,%?&oa",2013
900,bpascoeoz,esayloroz@vkontakte.ru,oF0\blv@)$,2009
901,wjostanp0,ekurtisp0@devhub.com,vU3@TRJL.Na}>,2015
902,pmcgeep1,cpawelp1@fotki.com,tP3?N8!k=M~<,2014
903,gvurleyp2,pbarkshirep2@edublogs.org,"qY4'Zz""UH'8",2006
904,sskipperbottomp3,ahowisonp3@ocn.ne.jp,gB1&~8t6t7no,2013
905,vdurbanp4,lstollenbergp4@npr.org,"eM1""Ot.>03",2004
906,ghalyp5,sblackborop5@tamu.edu,"iM4,GD0RfB",2016
907,atollp6,dlambirthp6@jugem.jp,kR0.'}g$,2019
908,wquartermainep7,etweedliep7@imageshack.us,tA7.(3W0K,2016
909,nzaniolettip8,tmoncreifp8@examiner.com,rJ1~<x1qbk,1999
910,jcoffeep9,jcossentinep9@yahoo.co.jp,"sU3,''t_AvKei",2020
911,arobartpa,cserrispa@mayoclinic.com,hK1+HD&kya.,2011
912,hrallspb,isimonnetpb@ehow.com,"sW3_""twp%",2008
913,cwhyliepc,mmcgaraghanpc@yandex.ru,bM3<'t2&S<cu,2018
914,afaaspd,ccalltonepd@ox.ac.uk,aW6(`Ir\+A=+HI6H,2008
915,ebrounckerpe,aleyespe@yale.edu,jR5\zx_%Md,2013
916,jgoddingpf,ijacqueminotpf@google.com.au,dM1~l/zw,2006
917,sstanyforthpg,cciccottopg@hibu.com,"xF6""BXc2cF<WPUd2",2006
918,adoudnyph,rquadeph@slate.com,lJ6>!2LFr%/5',2017
919,qharriotpi,hsearchwellpi@lycos.com,sW6$!Tt8uE,2007
920,isellorpj,mcampspj@qq.com,tK9$cuVc,2020
921,shutchinsonpk,bchaffynpk@globo.com,"tJ6""tR@,y*9j",2012
922,ngilepl,jscothronpl@disqus.com,cT9\a%L\MCXx,2010
923,pgallemorepm,cniezenpm@webmd.com,aU4.lO9Fu6RZkxV,2020
924,btoderinipn,fferrierpn@cnet.com,pR2/nq0A,2017
925,mkrochpo,hstronackpo@rakuten.co.jp,oY9?>psnboa,2007
926,ggorspp,tbagsterpp@dropbox.com,cX6_y*5/*L,2009
927,wtampinpq,mlacknorpq@prweb.com,"wQ9%"">yTjH{DT%",2003
928,dwaldrenpr,yrolinpr@newsvine.com,"hD2.6@""/3",2000
929,tantaops,alongcakeps@msu.edu,kW8|@ENlUd}Y,2008
930,sborept,vdousept@google.com,"wH7""v~~~Y62No~sL",2013
931,sneillanspu,erebbeckpu@xing.com,rR9~'~xqkaw#g9,2019
932,vfoadpv,bmepstedpv@wordpress.com,"oU7""+z|5N\Qx",2010
933,awoolgerpw,wbosherepw@yelp.com,xE9)IN84o&*,2014
934,tkinnachpx,wramaspx@chron.com,hE7>YEE8pD,2007
935,cwilmorepy,cgiaomozzopy@unblog.fr,bN3*E/qi*U,2004
936,jswyersexeypz,wspawforthpz@etsy.com,nZ8#=~HLc5Z,2006
937,jhusterq0,mpatinkinq0@wsj.com,zQ8*/D\U}V,2017
938,qmccorkindaleq1,wverneq1@hao123.com,aP5.x<J`WF#`Q,2007
939,ecrokerq2,otresvinaq2@comcast.net,tG9?\GuTH#m),2017
940,jgiacobboq3,rpencotq3@state.gov,bS3*NghM,2005
941,hcicchilloq4,kmayzeq4@wikipedia.org,"uN4""dO'So.",2013
942,bfearesq5,eduerdinq5@wunderground.com,tI5}(}R(,2014
943,amoreingq6,adubberq6@homestead.com,dH2&j``_<)D,2004
944,eferrarinq7,obampkinq7@t-online.de,"pO8,J?hy""OWb",2009
945,jgreaveq8,gpethybridgeq8@va.gov,"aC1(/,g\{=BZkh6",2010
946,cdaymondq9,jwestfieldq9@blogspot.com,xI6=s}rYoJD<5fT,2015
947,mlebbernqa,hspearesqa@tuttocitta.it,"zQ0,s(78C|xY",2005
948,kferrottiqb,ddugaldqb@cocolog-nifty.com,wJ5?>\ob,2009
949,buridgeqc,adarrellqc@bizjournals.com,mK4~YD0zDGi,2011
950,osalandinoqd,bsadatqd@opera.com,"zQ0!J""8=",2019
951,jleverittqe,mabateqe@zdnet.com,hC2$J>_Dt,2002
952,pdracheqf,jmorfordqf@ucoz.ru,kX4}`#zzw2WxoL,2013
953,tmordieqg,pcajklerqg@marriott.com,"nQ2(>Pm4""&j,RF57",2006
954,dhubbertqh,padamidesqh@cnn.com,"cO1.'7CG&,c<q",2013
955,igrabertqi,ncavillqi@washingtonpost.com,aS8#{l@w&iJZ}F0\,2014
956,rportwainqj,wangusqj@devhub.com,"bC3@mv""Cp|pb",2011
957,labbaqk,frupprechtqk@vistaprint.com,"yB9*""Rer3JOqc.Q",2017
958,ascotchmoorql,dleefeql@meetup.com,gQ2\x<}y2dh/~_b,2005
959,sbiaggioniqm,cdaffeyqm@naver.com,hD6&xP}BnHG(&`,2021
960,ngregolqn,ydedomeniciqn@washington.edu,fT4_?9)PXf8htVk,2012
961,bcheleyqo,dtrewhellaqo@sakura.ne.jp,wA1{b)Dj|j,2012
962,mharrowayqp,umorhallqp@google.pl,"oX2|,,qoWuL#M&1t",2009
963,btapleyqq,cosipovqq@walmart.com,"wC6>*$?0?""sus)&",2002
964,mhaimeqr,hpaddockqr@narod.ru,gB6'KMfu|(,2013
965,lmabbettqs,jsnodinqs@cbslocal.com,tW9_u\#e<|5,2010
966,tbenoitonqt,smincherqt@princeton.edu,"lW7%U,KgR+&(1",2008
967,awiszniewskiqu,lpirdyqu@illinois.edu,"qL3,oi&kc4J'he",2017
968,tmulrenanqv,hcraisterqv@last.fm,"qI9/G`WJJt51""v",2014
969,nzamboniniqw,asennettqw@ucsd.edu,oW1>UUN`,2015
970,ataftqx,gjewettqx@time.com,xN1~'PZY\6D*X,2020
971,awraxallqy,nfarquharsonqy@arstechnica.com,uT5{E)``#5{p3Gnb,2020
972,ggreensallqz,mfarbraceqz@themeforest.net,bR6~Wab<,2020
973,wdoxeyr0,iwrightemr0@symantec.com,iU1<kZA2JtkWg,2005
974,pmaffiolettir1,cfashionr1@biglobe.ne.jp,fT7<$Z2er.P,2012
975,krowesr2,ncastletonr2@imageshack.us,eR5+gF6D9{A8,2013
976,kdabnerr3,hminnetter3@ibm.com,yW0>w9nq&1NjASZZ,2011
977,ccolledger4,acopozior4@vistaprint.com,"zW6'&e#4y""cl/GO",2005
978,dpidcockr5,gsturneyr5@yahoo.co.jp,kF3/`>#k6km,2012
979,ijosefsenr6,mbeardsworthr6@hp.com,"cX4(|V5|(s""r.",2015
980,cquaintancer7,emckernr7@printfriendly.com,fT3$P$(y{XS3,2018
981,lalesior8,gwestcarr8@latimes.com,nT7)BG}m`wU\*Y=.,2014
982,bdownier9,qkemetzr9@cbc.ca,"cH6%3?1BO(,j1{WC",2011
983,dclintra,mgoforthra@springer.com,eV2%D7!B`,2017
984,jgossartrb,dtolladyrb@cnet.com,aC1<R1(@xn~q,2011
985,gdasparrc,aclandillonrc@sphinn.com,rT8_I5iK(9,2006
986,gseagord,scanadasrd@unicef.org,rK1{c8BvBI%\#@v3,2017
987,arayre,emapotherre@ifeng.com,pT9_y!&?}.,2017
988,hchancelierrf,cmaysorrf@yandex.ru,yW6'rJ%DHd7,2014
989,jcapstaffrg,wwedmorerg@reddit.com,"rL6""nAL}AaKWm",2018
990,mbergerrh,nlarnerh@exblog.jp,"bZ0('a|n,G",2009
991,bflaxonri,csurfleetri@zdnet.com,vU1)y2i>Lf,2012
992,tcussenrj,jmaudsleyrj@go.com,"xJ2*m""iyPv/",2019
993,dmaccomberk,rdwyrrk@tripod.com,"hC1\$/bL@""",2018
994,hfassetrl,smissonrl@diigo.com,eF5{~/+LCN+5|{g,2012
995,tshevlinrm,llarawayrm@go.com,dX1+|5f?W_g)3NN,2007
996,cbaynomrn,rclaveyrn@myspace.com,fY0%|KY+K*YSF8=,2016
997,dlenahanro,kcundro@xing.com,sS4(C$a)8ze\Bjf=,2016
998,powensonrp,askeletonrp@devhub.com,dA1()s=}m8&dz,2004
999,ilovelrq,ccrebottrq@comcast.net,pK8?&sf<,2007
1000,mfeirnrr,wloughlinrr@is.gd,"tW8,1qnG",2012
